file,geometry_id,sim,window,n_airfoil,domain_x_span,domain_y_span,domain_z_span,airfoil_chord_x,airfoil_chord_z,airfoil_centroid_x,airfoil_max_x,var_p90,var_p95,var_p99,var_resid_p90,var_resid_p95,var_resid_p99,agreement_iou_p90,var_highvar_bbox_x,var_highvar_bbox_z,var_highvar_x_extent_per_box_x,var_highvar_x_extent_per_chord,var_highvar_downstream_reach,vr_highvar_bbox_x,vr_highvar_bbox_z,vr_highvar_x_extent_per_box_x,vr_highvar_x_extent_per_chord,vr_highvar_downstream_reach
1021_1-0.npz,1021_1,1021,0,20000,2.094407081604004,0.814788818359375,1.21875,1.3299185037612915,0.7679230570793152,0.9967995882034302,1.6983566284179688,40.45208358764649,112.87985038757314,319.3199862670881,28.098261451721193,75.78056716918944,247.34306106567146,0.7059024223814397,1.488753080368042,0.7862182855606079,0.7108232,1.1194319,0.16167545318603516,1.5039708614349365,0.8046875,0.7180891,1.1308744,0.17730045318603516
1021_1-1.npz,1021_1,1021,1,20000,2.094407081604004,0.814788818359375,1.21875,1.3299185037612915,0.7679230570793152,0.9967995882034302,1.6983566284179688,37.436385345458994,89.30204925537107,235.45935546874978,26.145333480834974,62.84180488586409,220.0182978820799,0.6448721111933547,1.504378080368042,0.7786884903907776,0.71828353,1.1311806,0.17730045318603516,1.5273914337158203,0.7901993989944458,0.72927153,1.148485,0.20855045318603516
1021_1-2.npz,1021_1,1021,2,20000,2.094407081604004,0.814788818359375,1.21875,1.3299185037612915,0.7679230570793152,0.9967995882034302,1.6983566284179688,35.506279754638705,82.0722515106201,261.5415106201151,27.869877624511723,68.53747367858881,221.83886703491066,0.7051752067524938,1.503900170326233,0.7773478031158447,0.7180553,1.1308213,0.17730045318603516,1.529634714126587,0.7805002927780151,0.7303426,1.1501718,0.20855045318603516
1021_1-3.npz,1021_1,1021,3,20000,2.094407081604004,0.814788818359375,1.21875,1.3299185037612915,0.7679230570793152,0.9967995882034302,1.6983566284179688,35.96972122192386,89.77969741821269,274.543064575195,27.506938743591313,67.68569602966305,203.15959564208893,0.7421602787456446,1.502180814743042,0.7862217426300049,0.71723443,1.1295285,0.17730045318603516,1.533423900604248,0.7901272773742676,0.7321518,1.153021,0.20855045318603516
1021_1-4.npz,1021_1,1021,4,20000,2.094407081604004,0.814788818359375,1.21875,1.3299185037612915,0.7679230570793152,0.9967995882034302,1.6983566284179688,40.539722442626996,95.62782440185529,273.0716564941395,31.475277900695815,76.76609420776352,278.2680447387671,0.7186560109993985,1.4824802875518799,0.7862182855606079,0.70782816,1.1147151,0.16167545318603516,1.5001416206359863,0.8007851839065552,0.7162608,1.1279951,0.17730045318603516
1021_10-0.npz,1021_10,1021,0,15110,1.8762986660003662,0.8152735233306885,0.90625,1.12217116355896,0.46010833978652954,0.8636810779571533,1.5006850957870483,32.3020908355713,119.46421127319321,337.1060003662109,27.271014976501483,102.39436340332031,323.65188781738254,0.8304960644334615,1.1045188903808594,0.4366459846496582,0.588669,0.98426956,-0.013999700546264648,1.1029702425003052,0.4386252462863922,0.58784366,0.9828895,-0.013999700546264648
1021_10-1.npz,1021_10,1021,1,15110,1.8762986660003662,0.8152735233306885,0.90625,1.12217116355896,0.46010833978652954,0.8636810779571533,1.5006850957870483,36.36997222900395,107.46831550598107,281.8102447509764,28.79732742309571,86.97968559265132,255.89909286499005,0.808972503617945,1.0956394672393799,0.4367189109325409,0.58393663,0.9763568,-0.02287924289703369,1.1064679622650146,0.44606688618659973,0.5897078,0.98600644,-0.010344386100769043
1021_10-2.npz,1021_10,1021,2,15110,1.8762986660003662,0.8152735233306885,0.90625,1.12217116355896,0.46010833978652954,0.8636810779571533,1.5006850957870483,30.685311508178746,112.88775138854933,298.22791015624983,26.425536346435564,88.85787658691336,245.0046034240715,0.8521948508983145,1.1049046516418457,0.44513487815856934,0.58887464,0.9846133,-0.013999700546264648,1.096024990081787,0.4366012513637543,0.5841421,0.97670037,-0.02287924289703369
1021_10-3.npz,1021_10,1021,3,15110,1.8762986660003662,0.8152735233306885,0.90625,1.12217116355896,0.46010833978652954,0.8636810779571533,1.5006850957870483,34.63417739868171,110.89887962341282,332.3878179931633,26.59264602661135,75.6473064422607,229.18185577392555,0.8075011296882061,1.0956394672393799,0.4521326720714569,0.58393663,0.9763568,-0.02287924289703369,1.0940907001495361,0.4540884792804718,0.58311117,0.97497666,-0.02287924289703369
1021_10-4.npz,1021_10,1021,4,15110,1.8762986660003662,0.8152735233306885,0.90625,1.12217116355896,0.46010833978652954,0.8636810779571533,1.5006850957870483,33.53421249389653,104.96488647460885,323.5128189086898,26.43840751647954,88.74261436462355,310.9718994140624,0.7728924740714476,1.09393310546875,0.43678978085517883,0.5830272,0.97483623,-0.02287924289703369,1.0919806957244873,0.44531285762786865,0.5819866,0.9730964,-0.02287924289703369
1021_11-0.npz,1021_11,1021,0,18629,1.8753327131271362,0.8157260417938232,1.125,1.1340410709381104,0.7126507759094238,0.8982544541358948,1.5029492378234863,4.893797683715822,27.19031982421859,177.75093322753796,4.220451498031621,20.227916812896634,170.0234805297841,0.8932222642938281,1.2329392433166504,0.74609375,0.6574509,1.0872086,0.1067584753036499,1.23650062084198,0.7402316331863403,0.65935,1.0903491,0.1067584753036499
1021_11-1.npz,1021_11,1021,1,18629,1.8753327131271362,0.8157260417938232,1.125,1.1340410709381104,0.7126507759094238,0.8982544541358948,1.5029492378234863,5.093931531906144,26.928099822997936,188.01649124145356,5.165041112899782,26.606101131439175,179.7891780090326,0.9474196689386563,1.2367897033691406,0.74609375,0.6595042,1.090604,0.1067584753036499,1.23650062084198,0.74609375,0.65935,1.0903491,0.1067584753036499
1021_11-2.npz,1021_11,1021,2,18629,1.8753327131271362,0.8157260417938232,1.125,1.1340410709381104,0.7126507759094238,0.8982544541358948,1.5029492378234863,4.929227304458627,26.796722602844067,165.7906306457498,4.0871212959289664,20.878598976135105,152.07970001220684,0.9146084625694045,1.2367897033691406,0.73828125,0.6595042,1.090604,0.1067584753036499,1.2367897033691406,0.7402316331863403,0.6595042,1.090604,0.1067584753036499
1021_11-3.npz,1021_11,1021,3,18629,1.8753327131271362,0.8157260417938232,1.125,1.1340410709381104,0.7126507759094238,0.8982544541358948,1.5029492378234863,4.485200357437136,26.825509738922,167.80324203491185,3.8480989933014027,23.800839042663544,180.75888031005582,0.9136924696201321,1.2367897033691406,0.7480441331863403,0.6595042,1.090604,0.1067584753036499,1.23650062084198,0.7480441331863403,0.65935,1.0903491,0.1067584753036499
1021_11-4.npz,1021_11,1021,4,18629,1.8753327131271362,0.8157260417938232,1.125,1.1340410709381104,0.7126507759094238,0.8982544541358948,1.5029492378234863,5.259985208511357,27.587812423705824,174.74853683471633,4.45507307052614,22.323193931579468,153.75286834716752,0.8955549237039143,1.2370727062225342,0.7402316331863403,0.65965503,1.0908536,0.1067584753036499,1.2367897033691406,0.7480438947677612,0.6595042,1.090604,0.1067584753036499
1021_12-0.npz,1021_12,1021,0,7803,1.2514028549194336,0.813959002494812,1.15625,0.5029045939445496,0.4695967733860016,0.5958674550056458,0.8821139335632324,0.9969157040119174,3.63008106946945,58.17184379577601,0.8887004375457771,3.3325884342193306,47.20604305267316,0.9243721735783701,0.8131864666938782,0.4511820673942566,0.6498199,1.6169796,0.30678892135620117,0.8131864666938782,0.4492226839065552,0.6498199,1.6169796,0.30678892135620117
1021_12-1.npz,1021_12,1021,1,7803,1.2514028549194336,0.813959002494812,1.15625,0.5029045939445496,0.4695967733860016,0.5958674550056458,0.8821139335632324,0.886567527055741,3.4015535712242086,56.164989738463,0.7898714184761052,3.033128941059106,52.62054397582977,0.9464720194647201,0.8135967254638672,0.44923466444015503,0.65014774,1.6177953,0.30678892135620117,0.8135967254638672,0.44924843311309814,0.65014774,1.6177953,0.30678892135620117
1021_12-2.npz,1021_12,1021,2,7803,1.2514028549194336,0.813959002494812,1.15625,0.5029045939445496,0.4695967733860016,0.5958674550056458,0.8821139335632324,0.8747227728366855,3.279192543029785,48.69288036346423,0.7983379602432272,3.012023234367368,42.102349586486135,0.9413706076490002,0.8135967254638672,0.44922176003456116,0.65014774,1.6177953,0.30678892135620117,0.8135967254638672,0.44750648736953735,0.65014774,1.6177953,0.30678892135620117
1021_12-3.npz,1021_12,1021,3,7803,1.2514028549194336,0.813959002494812,1.15625,0.5029045939445496,0.4695967733860016,0.5958674550056458,0.8821139335632324,0.8935771882534057,3.383155000209805,55.28285125732418,0.8461776256561283,3.2273857593536324,51.35297706603927,0.9540791402051783,0.8131864666938782,0.44922176003456116,0.6498199,1.6169796,0.30678892135620117,0.8131864666938782,0.45117810368537903,0.6498199,1.6169796,0.30678892135620117
1021_12-4.npz,1021_12,1021,4,7803,1.2514028549194336,0.813959002494812,1.15625,0.5029045939445496,0.4695967733860016,0.5958674550056458,0.8821139335632324,1.0248845458030704,3.7643872618675083,65.30364425659126,0.9237251460552216,3.445929372310627,54.18910247802734,0.9372336303758233,0.8131864666938782,0.4550821781158447,0.6498199,1.6169796,0.30678892135620117,0.8131864666938782,0.4550810754299164,0.6498199,1.6169796,0.30678892135620117
1021_13-0.npz,1021_13,1021,0,4994,1.0636577606201172,0.8140361309051514,0.875,0.3096800446510315,0.2012009620666504,0.5201849937438965,0.6822217702865601,1.217639958858492,5.739203906059212,68.32082633972027,1.238783943653107,5.74065191745757,68.41303276061899,0.968697706467172,0.33900782465934753,0.18007886409759521,0.31871888,1.0947034,0.03038787841796875,0.37755605578422546,0.17781683802604675,0.35496008,1.2191811,0.06893610954284668
1021_13-1.npz,1021_13,1021,1,4994,1.0636577606201172,0.8140361309051514,0.875,0.3096800446510315,0.2012009620666504,0.5201849937438965,0.6822217702865601,1.225758755207074,5.745136141777021,67.54396965026847,1.2063063144683839,5.6558689594268525,66.77839805603023,0.9696671262556628,0.37755605578422546,0.18007886409759521,0.35496008,1.2191811,0.06893610954284668,0.37755605578422546,0.18007886409759521,0.35496008,1.2191811,0.06893610954284668
1021_13-2.npz,1021_13,1021,2,4994,1.0636577606201172,0.8140361309051514,0.875,0.3096800446510315,0.2012009620666504,0.5201849937438965,0.6822217702865601,1.2614612936973573,5.8230670928954975,68.75547355651648,1.280159485340121,5.727477383613556,67.98123504638643,0.9683102056884165,0.37755605578422546,0.18007886409759521,0.35496008,1.2191811,0.06893610954284668,0.37755605578422546,0.18007886409759521,0.35496008,1.2191811,0.06893610954284668
1021_13-3.npz,1021_13,1021,3,4994,1.0636577606201172,0.8140361309051514,0.875,0.3096800446510315,0.2012009620666504,0.5201849937438965,0.6822217702865601,1.2321663141250632,5.745574879646275,70.6467600250239,1.2166087508201613,5.639163279533383,69.28138687133783,0.9714144898965007,0.36193105578422546,0.18007886409759521,0.34027022,1.1687258,0.05331110954284668,0.3468763530254364,0.18007886409759521,0.3261165,1.1201121,0.03825640678405762
1021_13-4.npz,1021_13,1021,4,4994,1.0636577606201172,0.8140361309051514,0.875,0.3096800446510315,0.2012009620666504,0.5201849937438965,0.6822217702865601,1.2703366160392817,5.825060486793517,68.5950566101072,1.2726405739784252,5.680022025108325,67.66784446716207,0.9669551534225019,0.37755605578422546,0.18007886409759521,0.35496008,1.2191811,0.06893610954284668,0.37755605578422546,0.18007886409759521,0.35496008,1.2191811,0.06893610954284668
1021_16-0.npz,1021_16,1021,0,14444,2.1260476112365723,0.8160747289657593,1.1875,1.3394817113876343,0.7143790125846863,0.905731737613678,1.7345178127288818,26.44360675811768,85.09809684753412,269.8041519165037,21.210019683837906,72.0486560821533,283.77661804199107,0.8213277479282397,1.470816969871521,0.7305294275283813,0.6918081,1.0980493,0.14152979850769043,1.5333752632141113,0.7343757152557373,0.7212328,1.1447526,0.20402979850769043
1021_16-1.npz,1021_16,1021,1,14444,2.1260476112365723,0.8160747289657593,1.1875,1.3394817113876343,0.7143790125846863,0.905731737613678,1.7345178127288818,30.30178508758548,84.2838344573971,273.84456268310424,25.37614440917971,68.44283409118627,254.8454170227048,0.8193395797325571,1.476932168006897,0.7344112396240234,0.69468445,1.1026146,0.14152979850769043,1.492557168006897,0.7344112396240234,0.70203376,1.1142796,0.15715479850769043
1021_16-2.npz,1021_16,1021,2,14444,2.1260476112365723,0.8160747289657593,1.1875,1.3394817113876343,0.7143790125846863,0.905731737613678,1.7345178127288818,27.704702758789068,93.56118507385231,332.230763244628,19.754093360900885,86.87364883422842,356.276968994138,0.7857142857142857,1.470990538597107,0.7500616312026978,0.69188976,1.0981789,0.14152979850769043,1.472956657409668,0.7344114780426025,0.6928145,1.0996467,0.14152979850769043
1021_16-3.npz,1021_16,1021,3,14444,2.1260476112365723,0.8160747289657593,1.1875,1.3394817113876343,0.7143790125846863,0.905731737613678,1.7345178127288818,30.31187114715581,107.56623458862298,320.3917523193347,22.197357177734393,77.60493392944295,266.702386474609,0.8375597206909224,1.4727766513824463,0.7384729385375977,0.69272983,1.0995123,0.14152979850769043,1.539432168006897,0.7461404800415039,0.7240817,1.1492745,0.20402979850769043
1021_16-4.npz,1021_16,1021,4,14444,2.1260476112365723,0.8160747289657593,1.1875,1.3394817113876343,0.7143790125846863,0.905731737613678,1.7345178127288818,27.987805747985846,105.41085319519023,351.31056823730444,23.655665969848705,81.02143402099586,346.228737792968,0.8385732671446957,1.4883642196655273,0.7422491312026978,0.70006156,1.1111493,0.15715479850769043,1.4884016513824463,0.7461404800415039,0.70007914,1.1111773,0.15715479850769043
1021_19-0.npz,1021_19,1021,0,8632,1.2511632442474365,0.8156722784042358,0.65625,0.5054525136947632,0.19386669993400574,0.6041975617408752,0.8803571462631226,31.408499526977554,99.74619369506809,260.5371295166012,23.946773910522495,70.5724178314204,234.49920440673782,0.7560804284836246,0.4909113645553589,0.13000044226646423,0.39236397,0.9712314,0.003985047340393066,0.5175915956497192,0.13774728775024414,0.4136883,1.0240163,0.026892900466918945
1021_19-1.npz,1021_19,1021,1,8632,1.2511632442474365,0.8156722784042358,0.65625,0.5054525136947632,0.19386669993400574,0.6041975617408752,0.8803571462631226,26.689889144897464,74.56179962158183,211.3126930236813,24.14025917053224,64.2902893066406,194.65009735107364,0.799370220422852,0.5137107372283936,0.14161711931228638,0.4105865,1.0163382,0.019080400466918945,0.5157586932182312,0.13770587742328644,0.41222334,1.02039,0.026892900466918945
1021_19-2.npz,1021_19,1021,2,8632,1.2511632442474365,0.8156722784042358,0.65625,0.5054525136947632,0.19386669993400574,0.6041975617408752,0.8803571462631226,25.49288463592531,86.54773330688461,273.5568109130857,19.30768852233888,67.41613731384277,228.571295928955,0.7972681524083394,0.44598937034606934,0.12214036285877228,0.35645977,0.88235664,-0.027369260787963867,0.5255811214447021,0.13342750072479248,0.420074,1.0398229,0.050330400466918945
1021_19-3.npz,1021_19,1021,3,8632,1.2511632442474365,0.8156722784042358,0.65625,0.5054525136947632,0.19386669993400574,0.6041975617408752,0.8803571462631226,19.965175247192427,57.243302345275524,210.63595779418853,17.05875205993653,45.41201095581051,195.4364541625966,0.8254837531945965,0.48651862144470215,0.18202589452266693,0.38885304,0.9625407,0.011267900466918945,0.5021436214447021,0.19752781093120575,0.4013414,0.9934536,0.026892900466918945
1021_19-4.npz,1021_19,1021,4,8632,1.2511632442474365,0.8156722784042358,0.65625,0.5054525136947632,0.19386669993400574,0.6041975617408752,0.8803571462631226,28.805118560791065,68.80561370849597,219.3055575561523,24.595310020446792,65.28595924377386,232.95290725707997,0.7755681818181818,0.4774896502494812,0.1516907513141632,0.38163656,0.9446776,-0.019491970539093018,0.5019892454147339,0.16164052486419678,0.40121803,0.9931482,0.011267900466918945
1021_20-0.npz,1021_20,1021,0,16316,2.1889162063598633,0.8448503613471985,1.1875,1.4538722038269043,0.8109013438224792,0.9950594902038574,1.8287125825881958,35.04969253540041,89.36211128234845,250.12500198364165,23.350431442260746,64.28470878601068,192.65094589233348,0.728459078731311,1.5744092464447021,0.8200645446777344,0.71926427,1.0829076,0.12582862377166748,1.5547161102294922,0.8200645446777344,0.71026754,1.0693623,0.11020362377166748
1021_20-1.npz,1021_20,1021,1,16316,2.1889162063598633,0.8448503613471985,1.1875,1.4538722038269043,0.8109013438224792,0.9950594902038574,1.8287125825881958,35.05181312561036,77.77229080200183,201.63188919067377,24.068903350830098,57.575437355041466,161.84114501953064,0.699524133242692,1.5744092464447021,0.8161588907241821,0.71926427,1.0829076,0.12582862377166748,1.5744092464447021,0.8200645446777344,0.71926427,1.0829076,0.12582862377166748
1021_20-2.npz,1021_20,1021,2,16316,2.1889162063598633,0.8448503613471985,1.1875,1.4538722038269043,0.8109013438224792,0.9950594902038574,1.8287125825881958,34.196949005126996,69.88054771423327,211.14809875488194,25.088248825073254,51.91622867584226,207.09724639892576,0.6459550654267139,1.5762279033660889,0.8200657367706299,0.72009516,1.0841585,0.12582862377166748,1.5726919174194336,0.8200657367706299,0.71847975,1.0817264,0.12582862377166748
1021_20-3.npz,1021_20,1021,3,16316,2.1889162063598633,0.8448503613471985,1.1875,1.4538722038269043,0.8109013438224792,0.9950594902038574,1.8287125825881958,36.497782897949236,70.03253250122037,234.51502975463822,22.31051635742193,52.707007980346646,222.79718917846614,0.6122531237404273,1.5762279033660889,0.8161588907241821,0.72009516,1.0841585,0.12582862377166748,1.583989143371582,0.8200645446777344,0.72364086,1.0894969,0.14145362377166748
1021_20-4.npz,1021_20,1021,4,16316,2.1889162063598633,0.8448503613471985,1.1875,1.4538722038269043,0.8109013438224792,0.9950594902038574,1.8287125825881958,25.70272483825686,58.86751956939694,171.00058853149412,20.65244579315189,56.513185882568344,168.9619639587397,0.7480989424001399,1.552528977394104,0.8200657367706299,0.70926833,1.067858,0.12582862377166748,1.552528977394104,0.8200657367706299,0.70926833,1.067858,0.12582862377166748
1022_1-0.npz,1022_1,1022,0,23281,2.032346248626709,0.8752785921096802,1.28125,1.2913392782211304,0.876783013343811,0.9886444211006165,1.663037896156311,30.34225311279302,89.8855678558347,281.56345123290987,20.818382644653347,65.98938064575158,252.612999725341,0.7602534765006161,1.5473839044570923,0.8926010727882385,0.7613781,1.1982783,0.25993335247039795,1.5630089044570923,0.8984404802322388,0.7690663,1.2103782,0.27555835247039795
1022_1-1.npz,1022_1,1022,1,23281,2.032346248626709,0.8752785921096802,1.28125,1.2913392782211304,0.876783013343811,0.9886444211006165,1.663037896156311,26.967662811279318,72.61885147094691,288.3330252075195,20.752250480651863,62.28379287719711,260.34466674804594,0.7624250969333803,1.5630089044570923,0.8945335745811462,0.7690663,1.2103782,0.27555835247039795,1.5786339044570923,0.8988103270530701,0.7767544,1.222478,0.29118335247039795
1022_1-2.npz,1022_1,1022,2,23281,2.032346248626709,0.8752785921096802,1.28125,1.2913392782211304,0.876783013343811,0.9886444211006165,1.663037896156311,31.71697368621833,80.70359115600564,318.01083831787105,22.442997741699223,61.57113990783659,267.72183654785124,0.736714136853074,1.560646891593933,0.8926008939743042,0.76790404,1.208549,0.27555835247039795,1.5528721809387207,0.894751787185669,0.76407856,1.2025285,0.27555835247039795
1022_1-3.npz,1022_1,1022,3,23281,2.032346248626709,0.8752785921096802,1.28125,1.2913392782211304,0.876783013343811,0.9886444211006165,1.663037896156311,29.115260505676275,84.89691390991209,295.3470288085934,19.863072204589844,56.453264999389624,242.1442781066887,0.708963513628984,1.562698245048523,0.8945335745811462,0.7689134,1.2101376,0.27555835247039795,1.5628092288970947,0.8984406590461731,0.768968,1.2102236,0.27555835247039795
1022_1-4.npz,1022_1,1022,4,23281,2.032346248626709,0.8752785921096802,1.28125,1.2913392782211304,0.876783013343811,0.9886444211006165,1.663037896156311,28.316723632812515,67.31359519958487,256.8281320190428,22.06875972747818,56.697954559326064,269.202083129882,0.7855548611731096,1.5293517112731934,0.8926026821136475,0.7525055,1.1843144,0.24430835247039795,1.543182134628296,0.8947371244430542,0.75931066,1.1950245,0.25993335247039795
1022_10-0.npz,1022_10,1022,0,14472,1.8447844982147217,0.8160853385925293,0.875,1.1007728576660156,0.44456103444099426,0.8072819709777832,1.466017246246338,35.62639770507814,95.69898185729974,274.3411471557615,27.671665191650472,69.93097114562974,297.37107238769534,0.7849174475680499,0.9457399845123291,0.37695953249931335,0.5126561,0.85916,-0.14836573600769043,0.9912887811660767,0.37695953249931335,0.53734666,0.9005389,-0.10281693935394287
1022_10-1.npz,1022_10,1022,1,14472,1.8447844982147217,0.8160853385925293,0.875,1.1007728576660156,0.44456103444099426,0.8072819709777832,1.466017246246338,30.304274559021014,89.10988273620598,259.2657702636705,22.94242382049562,67.62035751342772,195.90894470214747,0.784280488892854,0.9608956575393677,0.37709274888038635,0.5208715,0.8729282,-0.13523519039154053,1.0180420875549316,0.37305474281311035,0.55184877,0.924843,-0.07399201393127441
1022_10-2.npz,1022_10,1022,2,14472,1.8447844982147217,0.8160853385925293,0.875,1.1007728576660156,0.44456103444099426,0.8072819709777832,1.466017246246338,27.76386699676522,88.50636062622043,240.33933456420868,23.449675941467287,71.60497741699214,198.4631103515624,0.8594272963927111,1.0125658512115479,0.37695953249931335,0.5488803,0.9198681,-0.08359384536743164,1.0199072360992432,0.37695956230163574,0.55285984,0.9265374,-0.0760418176651001
1022_10-3.npz,1022_10,1022,3,14472,1.8447844982147217,0.8160853385925293,0.875,1.1007728576660156,0.44456103444099426,0.8072819709777832,1.466017246246338,34.506357955932664,99.76969223022374,292.30756225585895,26.48193054199228,78.68738403320292,242.9570390319807,0.7935611155950139,0.9477651119232178,0.3751867711544037,0.51375383,0.8609997,-0.14836573600769043,1.022258996963501,0.37695956230163574,0.55413467,0.92867386,-0.07199954986572266
1022_10-4.npz,1022_10,1022,4,14472,1.8447844982147217,0.8160853385925293,0.875,1.1007728576660156,0.44456103444099426,0.8072819709777832,1.466017246246338,34.3176326751709,85.07237739562977,261.3097668457026,30.888261604309083,70.20179901123034,213.08144683837864,0.7511601435951317,0.9496009945869446,0.375000923871994,0.514749,0.8626675,-0.14836573600769043,0.9661636352539062,0.36914706230163574,0.5237271,0.8777139,-0.12794208526611328
1022_11-0.npz,1022_11,1022,0,21656,2.1256661415100098,0.8156601190567017,1.125,1.363537073135376,0.7051236629486084,0.9890467524528503,1.7521599531173706,26.908190917968753,65.85229034423827,215.82235153198235,18.085108375549318,49.86694927215566,191.50461318969698,0.6953462744765618,1.4124119281768799,0.6377130150794983,0.6644561,1.0358442,0.05319356918334961,1.4337048530578613,0.6412113308906555,0.6744732,1.0514601,0.07663106918334961
1022_11-1.npz,1022_11,1022,1,21656,2.1256661415100098,0.8156601190567017,1.125,1.363537073135376,0.7051236629486084,0.9890467524528503,1.7521599531173706,28.899672889709475,82.43165817260729,280.96859344482317,24.447313308715824,66.91518630981425,222.06272369384646,0.8258170531312763,1.3206725120544434,0.5849514603614807,0.6212982,0.9685637,-0.03274393081665039,1.4066100120544434,0.6416244506835938,0.6617267,1.0315892,0.05319356918334961
1022_11-2.npz,1022_11,1022,2,21656,2.1256661415100098,0.8156601190567017,1.125,1.363537073135376,0.7051236629486084,0.9890467524528503,1.7521599531173706,30.321988677978556,89.58750343322689,293.7061343383776,24.04756546020509,72.00578460693352,301.07963317871014,0.7817371937639198,1.3265423774719238,0.5704267024993896,0.6240596,0.97286856,-0.03274393081665039,1.4124798774719238,0.6484375,0.66448814,1.035894,0.05319356918334961
1022_11-3.npz,1022_11,1022,3,21656,2.1256661415100098,0.8156601190567017,1.125,1.363537073135376,0.7051236629486084,0.9890467524528503,1.7521599531173706,24.750021362304693,72.38277130126943,256.19959167480374,20.61823196411133,56.72601184844962,257.3952764892569,0.7688157778367383,1.4124798774719238,0.6406248807907104,0.66448814,1.035894,0.05319356918334961,1.4124798774719238,0.6340538859367371,0.66448814,1.035894,0.05319356918334961
1022_11-4.npz,1022_11,1022,4,21656,2.1256661415100098,0.8156601190567017,1.125,1.363537073135376,0.7051236629486084,0.9890467524528503,1.7521599531173706,27.42068653106692,71.32165451049767,205.9742376708976,20.21848754882815,50.42540416717519,174.10341278076166,0.7596339961288052,1.4023780822753906,0.6416244506835938,0.6597358,1.0284855,0.05319356918334961,1.4162776470184326,0.6489591002464294,0.6662747,1.0386792,0.06881856918334961
1022_12-0.npz,1022_12,1022,0,14930,2.0317163467407227,0.8152477741241455,1.1875,1.2616333961486816,0.814286470413208,0.9313668608665466,1.6583235263824463,29.575521087646486,70.62138099670402,205.16620910644434,21.950103378295907,58.24801597595207,172.88358078002872,0.7320516151381311,1.3791710138320923,0.8325600624084473,0.67882067,1.093163,0.12339282035827637,1.3948571681976318,0.8326051831245422,0.6865413,1.1055963,0.13901782035827637
1022_12-1.npz,1022_12,1022,1,14930,2.0317163467407227,0.8152477741241455,1.1875,1.2616333961486816,0.814286470413208,0.9313668608665466,1.6583235263824463,24.64678249359131,67.8275543212888,233.20734466552608,18.48985996246338,60.16518573760984,245.63091613769518,0.7801513128615932,1.3770899772644043,0.828126847743988,0.67779636,1.0915135,0.12339282035827637,1.3791710138320923,0.8326051831245422,0.67882067,1.093163,0.12339282035827637
1022_12-2.npz,1022_12,1022,2,14930,2.0317163467407227,0.8152477741241455,1.1875,1.2616333961486816,0.814286470413208,0.9313668608665466,1.6583235263824463,23.86131381988526,68.91121673583959,204.37559356689422,19.150907897949256,58.199663734435916,211.88606018066403,0.8236527765113523,1.3792321681976318,0.8281288743019104,0.67885077,1.0932115,0.12339282035827637,1.3909375667572021,0.8281288743019104,0.6846121,1.1024895,0.13901782035827637
1022_12-3.npz,1022_12,1022,3,14930,2.0317163467407227,0.8152477741241455,1.1875,1.2616333961486816,0.814286470413208,0.9313668608665466,1.6583235263824463,29.07890548706055,75.50693092346191,240.10607116699177,22.814872932434103,66.37123565673822,239.91969970703008,0.7427675148135239,1.3770899772644043,0.82869952917099,0.67779636,1.0915135,0.12339282035827637,1.3770899772644043,0.8328388929367065,0.67779636,1.0915135,0.12339282035827637
1022_12-4.npz,1022_12,1022,4,14930,2.0317163467407227,0.8152477741241455,1.1875,1.2616333961486816,0.814286470413208,0.9313668608665466,1.6583235263824463,29.94833679199221,65.82844581603975,208.21735198974602,24.304359436035163,55.730809593200675,198.06578338622873,0.7414018284719199,1.3753125667572021,0.8320325016975403,0.67692155,1.0901047,0.12339282035827637,1.379030704498291,0.8320339918136597,0.6787516,1.0930518,0.12339282035827637
1022_13-0.npz,1022_13,1022,0,9502,1.2196727991104126,0.8142969012260437,1.1875,0.4750131070613861,0.534872829914093,0.6090920567512512,0.8480324745178223,2.5340323209762583,19.136288928985465,215.07859436034727,2.0753653049469,16.58730735778799,195.07351165771422,0.9025875190258752,0.7661160230636597,0.5352894067764282,0.6281324,1.6128314,0.29351532459259033,0.7660075426101685,0.541132926940918,0.6280435,1.612603,0.29351532459259033
1022_13-1.npz,1022_13,1022,1,9502,1.2196727991104126,0.8142969012260437,1.1875,0.4750131070613861,0.534872829914093,0.6090920567512512,0.8480324745178223,3.2249395370483436,18.543859386444076,200.52497558593677,2.779432010650639,15.855516481399402,170.52315780639483,0.8885741265344664,0.7816325426101685,0.5312568545341492,0.6408543,1.6454968,0.30914032459259033,0.7660075426101685,0.5332493782043457,0.6280435,1.612603,0.29351532459259033
1022_13-2.npz,1022_13,1022,2,9502,1.2196727991104126,0.8142969012260437,1.1875,0.4750131070613861,0.534872829914093,0.6090920567512512,0.8480324745178223,4.016782140731815,24.62538509368892,213.82504333496072,2.7414528608322186,14.971277236938459,126.63870635986181,0.849283402681461,0.7816325426101685,0.5332326889038086,0.6408543,1.6454968,0.30914032459259033,0.8128825426101685,0.5355181097984314,0.6664759,1.7112844,0.34039032459259033
1022_13-3.npz,1022_13,1022,3,9502,1.2196727991104126,0.8142969012260437,1.1875,0.4750131070613861,0.534872829914093,0.6090920567512512,0.8480324745178223,3.761339497566229,18.908008956909082,188.94681808471628,2.915885114669826,14.333600473403889,174.47212707519498,0.8573551263001485,0.7816325426101685,0.5312781929969788,0.6408543,1.6454968,0.30914032459259033,0.7816325426101685,0.5352756381034851,0.6408543,1.6454968,0.30914032459259033
1022_13-4.npz,1022_13,1022,4,9502,1.2196727991104126,0.8142969012260437,1.1875,0.4750131070613861,0.534872829914093,0.6090920567512512,0.8480324745178223,3.669704174995431,22.87287778854364,228.49321807861074,3.177942538261418,19.923833847045813,203.8294847106926,0.8953752843062927,0.7817410230636597,0.5352756381034851,0.6409432,1.6457251,0.30914032459259033,0.7817410230636597,0.5371974110603333,0.6409432,1.6457251,0.30914032459259033
1022_14-0.npz,1022_14,1022,0,18582,1.9698606729507446,0.815873384475708,1.15625,1.192617416381836,0.7234085202217102,0.9405774474143982,1.5754845142364502,28.301152038574227,108.36994056701657,324.42270965576085,23.135606384277438,81.20890159606854,236.12915527343685,0.8165304268846503,1.3636205196380615,0.7480149269104004,0.6922421,1.1433847,0.17562615871429443,1.4083540439605713,0.7491379976272583,0.7149511,1.1808934,0.22250115871429443
1022_14-1.npz,1022_14,1022,1,18582,1.9698606729507446,0.815873384475708,1.15625,1.192617416381836,0.7234085202217102,0.9405774474143982,1.5754845142364502,30.729495048522956,115.27631759643552,321.0828909301754,27.282865715026936,99.2284832000732,289.6772991943355,0.8558040270947388,1.3323078155517578,0.7470024824142456,0.67634624,1.1171292,0.14437615871429443,1.3635578155517578,0.7543719410896301,0.69221026,1.1433321,0.17562615871429443
1022_14-2.npz,1022_14,1022,2,18582,1.9698606729507446,0.815873384475708,1.15625,1.192617416381836,0.7234085202217102,0.9405774474143982,1.5754845142364502,29.8918453216553,114.64660758972133,366.30366638183574,24.047341346740758,88.84849624633765,316.0179156494137,0.8186778212239701,1.426084280014038,0.7429600358009338,0.7239519,1.19576,0.23812615871429443,1.426084280014038,0.7545356750488281,0.7239519,1.19576,0.23812615871429443
1022_14-3.npz,1022_14,1022,3,18582,1.9698606729507446,0.815873384475708,1.15625,1.192617416381836,0.7234085202217102,0.9405774474143982,1.5754845142364502,32.14820442199708,120.958672714233,436.6764263916011,25.867451667785684,106.34972648620595,413.9112258911121,0.785873738726672,1.4261205196380615,0.7585169076919556,0.72397023,1.1957904,0.23812615871429443,1.4260179996490479,0.7545356750488281,0.7239182,1.1957045,0.23812615871429443
1022_14-4.npz,1022_14,1022,4,18582,1.9698606729507446,0.815873384475708,1.15625,1.192617416381836,0.7234085202217102,0.9405774474143982,1.5754845142364502,26.365066719055186,111.42260322570671,335.2074053955065,21.365608215332124,87.90119934082018,271.7799319458002,0.828989483310471,1.420130729675293,0.7578049302101135,0.7209295,1.190768,0.23812615871429443,1.4219245910644531,0.7480149269104004,0.7218402,1.1922722,0.23812615871429443
1022_15-0.npz,1022_15,1022,0,20115,1.9386701583862305,0.8168635368347168,1.15625,1.1504034996032715,0.7615101337432861,0.9473284482955933,1.5473792552947998,4.505069923400885,25.404899597167823,146.56845870971617,4.367583990097053,21.595096015929844,136.97621917724553,0.929943066679533,1.3906292915344238,0.7901867628097534,0.7173109,1.2088187,0.28191590309143066,1.3867710828781128,0.7900925278663635,0.7153208,1.205465,0.28191590309143066
1022_15-1.npz,1022_15,1022,1,20115,1.9386701583862305,0.8168635368347168,1.15625,1.1504034996032715,0.7615101337432861,0.9473284482955933,1.5473792552947998,6.678821372985841,30.617196750640762,168.07637405395442,5.211962318420418,22.75126733779907,150.8839337158193,0.8658456945610598,1.3949968814849854,0.7901285886764526,0.7195638,1.2126153,0.25066590309143066,1.4278292655944824,0.7900378704071045,0.7364993,1.2411551,0.28191590309143066
1022_15-2.npz,1022_15,1022,2,20115,1.9386701583862305,0.8168635368347168,1.15625,1.1504034996032715,0.7615101337432861,0.9473284482955933,1.5473792552947998,5.54009466171265,28.150229167938186,148.5206010437009,4.394959354400636,24.346045780181573,170.69500030517491,0.8887524789876287,1.4161685705184937,0.7899788618087769,0.73048455,1.231019,0.28191590309143066,1.4161685705184937,0.7899788618087769,0.73048455,1.231019,0.28191590309143066
1022_15-3.npz,1022_15,1022,3,20115,1.9386701583862305,0.8168635368347168,1.15625,1.1504034996032715,0.7615101337432861,0.9473284482955933,1.5473792552947998,5.265393304824834,30.964800453185894,196.13631622314452,4.138496637344361,25.416377067565726,182.01081237792866,0.8982536066818527,1.4161685705184937,0.7903990149497986,0.73048455,1.231019,0.28191590309143066,1.4161685705184937,0.7902452945709229,0.73048455,1.231019,0.28191590309143066
1022_15-4.npz,1022_15,1022,4,20115,1.9386701583862305,0.8168635368347168,1.15625,1.1504034996032715,0.7615101337432861,0.9473284482955933,1.5473792552947998,5.229887628555298,30.50502548217766,175.4186131286619,4.185192108154312,22.459212017059073,141.38135742187455,0.8962738219398881,1.4262468814849854,0.7903581261634827,0.7356831,1.2397797,0.28191590309143066,1.4262468814849854,0.7941940426826477,0.7356831,1.2397797,0.28191590309143066
1022_16-0.npz,1022_16,1022,0,20243,2.1572303771972656,0.8165879249572754,1.21875,1.381392478942871,0.7772955894470215,1.0506033897399902,1.7732223272323608,5.794157981872588,23.056676387786787,150.82321380615144,5.370145606994642,22.028136920928873,141.67116363525278,0.9153418885271021,1.4884462356567383,0.8105423450469971,0.6899802,1.077497,0.11838304996490479,1.492302417755127,0.8028174042701721,0.69176775,1.0802885,0.11838304996490479
1022_16-1.npz,1022_16,1022,1,20243,2.1572303771972656,0.8165879249572754,1.21875,1.381392478942871,0.7772955894470215,1.0506033897399902,1.7732223272323608,5.6911477088928235,22.87398033142084,147.79317825317332,5.415999031066946,21.497347354888866,160.1867326354957,0.9498878814468168,1.4884462356567383,0.8105423450469971,0.6899802,1.077497,0.11838304996490479,1.492302417755127,0.8105462789535522,0.69176775,1.0802885,0.11838304996490479
1022_16-2.npz,1022_16,1022,2,20243,2.1572303771972656,0.8165879249572754,1.21875,1.381392478942871,0.7772955894470215,1.0506033897399902,1.7732223272323608,7.6877732753753865,26.873515796661337,142.21131439208963,6.416008377075197,24.554909038543656,141.6656022644039,0.8703824932198635,1.4960472583770752,0.8008648157119751,0.6935037,1.0829995,0.11838304996490479,1.4960472583770752,0.80859375,0.6935037,1.0829995,0.11838304996490479
1022_16-3.npz,1022_16,1022,3,20243,2.1572303771972656,0.8165879249572754,1.21875,1.381392478942871,0.7772955894470215,1.0506033897399902,1.7732223272323608,7.100968933105475,27.189452266693046,138.9932684326164,5.836431550979616,22.126857280731123,134.97541717529174,0.8991548760801443,1.4903075695037842,0.80859375,0.69084305,1.0788444,0.11838304996490479,1.4884462356567383,0.80859375,0.6899802,1.077497,0.11838304996490479
1022_16-4.npz,1022_16,1022,4,20243,2.1572303771972656,0.8165879249572754,1.21875,1.381392478942871,0.7772955894470215,1.0506033897399902,1.7732223272323608,5.428676509857217,22.03394012451171,169.12584014892548,5.284116554260259,20.72394418716428,161.00315841674703,0.953315753491552,1.478635549545288,0.8027298450469971,0.6854324,1.070395,0.11838304996490479,1.4884462356567383,0.810546338558197,0.6899802,1.077497,0.11838304996490479
1022_17-0.npz,1022_17,1022,0,15071,2.1570611000061035,0.8159652948379517,1.125,1.413759469985962,0.6847152709960938,0.8245543837547302,1.777752161026001,38.64549980163575,92.75433578491176,253.76399353027338,28.77681541442873,71.47862281799316,217.26859542846623,0.7560804284836246,0.6123693585395813,0.21039439737796783,0.2838906,0.4331496,-0.7838215827941895,0.6233201622962952,0.2240552455186844,0.2889673,0.44089547,-0.7769410610198975
1022_17-1.npz,1022_17,1022,1,15071,2.1570611000061035,0.8159652948379517,1.125,1.413759469985962,0.6847152709960938,0.8245543837547302,1.777752161026001,41.291312408447276,84.2683914184569,214.80541320800768,28.055223846435645,74.4445449829101,210.1352754211424,0.7066302585544841,0.6222450733184814,0.21462301909923553,0.28846893,0.44013503,-0.7838215827941895,0.695953905582428,0.2168418914079666,0.32263985,0.49227178,-0.7140548229217529
1022_17-2.npz,1022_17,1022,2,15071,2.1570611000061035,0.8159652948379517,1.125,1.413759469985962,0.6847152709960938,0.8245543837547302,1.777752161026001,35.428658294677845,91.0803382873535,255.94664581298804,30.74322242736819,82.05805320739722,273.0649478149411,0.7905102954341987,0.6240536570549011,0.21462298929691315,0.28930736,0.4414143,-0.7682721614837646,0.6802676320075989,0.21462298929691315,0.31536782,0.48117635,-0.7140548229217529
1022_17-3.npz,1022_17,1022,3,15071,2.1570611000061035,0.8159652948379517,1.125,1.413759469985962,0.6847152709960938,0.8245543837547302,1.777752161026001,32.60603179931642,84.24245605468748,230.654324340818,25.81562824249268,72.62448692321718,216.78533020019424,0.8130722509291995,0.6881284117698669,0.20681045949459076,0.31901202,0.48673657,-0.7140548229217529,0.6919368505477905,0.20302581787109375,0.3207776,0.4894304,-0.7140548229217529
1022_17-4.npz,1022_17,1022,4,15071,2.1570611000061035,0.8159652948379517,1.125,1.413759469985962,0.6847152709960938,0.8245543837547302,1.777752161026001,44.22360496520998,98.11632156372062,235.41941238403302,31.3522924423218,69.55541992187435,234.93747985839707,0.6695884464479506,0.61805260181427,0.20768699049949646,0.2865253,0.43716955,-0.7880209684371948,0.6918435096740723,0.22474069893360138,0.32073432,0.48936436,-0.7140548229217529
1022_18-0.npz,1022_18,1022,0,15925,1.688431978225708,0.8155426979064941,0.875,0.9222671389579773,0.44411417841911316,0.7800437211990356,1.2935709953308105,44.989046859741244,105.16055297851535,327.6597164916986,33.7207042694092,89.05220909118613,297.2060739135742,0.740341106856944,0.762640118598938,0.3543871343135834,0.45168543,0.8269189,-0.14806783199310303,0.7977955937385559,0.3429180681705475,0.4725068,0.86503744,-0.116080641746521
1022_18-1.npz,1022_18,1022,1,15925,1.688431978225708,0.8155426979064941,0.875,0.9222671389579773,0.44411417841911316,0.7800437211990356,1.2935709953308105,45.30168914794923,112.82790031432997,294.4112960815424,37.56292457580572,95.19959411621087,259.6848162841794,0.7473353136466888,0.7679177522659302,0.34461158514022827,0.4548112,0.83264136,-0.14806783199310303,0.78610759973526,0.343250036239624,0.4655844,0.8523643,-0.1297147274017334
1022_18-2.npz,1022_18,1022,2,15925,1.688431978225708,0.8155426979064941,0.875,0.9222671389579773,0.44411417841911316,0.7800437211990356,1.2935709953308105,53.00890121459964,111.69389305114636,276.8937414550773,32.34507598876961,84.17114601135226,282.9304937744137,0.6182539040375435,0.7521731853485107,0.35242533683776855,0.44548622,0.81556976,-0.1656855344772339,0.7957119941711426,0.3505622446537018,0.47127277,0.8627782,-0.116080641746521
1022_18-3.npz,1022_18,1022,3,15925,1.688431978225708,0.8155426979064941,0.875,0.9222671389579773,0.44411417841911316,0.7800437211990356,1.2935709953308105,49.0361751556397,128.68372344970626,361.5038308715815,30.457461738586428,108.9106056213372,345.45070922851386,0.6788382439351969,0.7580780982971191,0.34467166662216187,0.4489835,0.82197237,-0.15787017345428467,0.799931526184082,0.3651388883590698,0.47377184,0.8673534,-0.11605405807495117
1022_18-4.npz,1022_18,1022,4,15925,1.688431978225708,0.8155426979064941,0.875,0.9222671389579773,0.44411417841911316,0.7800437211990356,1.2935709953308105,39.469493103027354,99.58813247680622,340.9871136474598,24.441874313354493,68.68060836791986,214.66771713256608,0.6914749661705006,0.769967794418335,0.35351482033729553,0.45602536,0.8348642,-0.1441783905029297,0.8174095153808594,0.3613276779651642,0.48412344,0.8863045,-0.09673666954040527
1022_19-0.npz,1022_19,1022,0,5609,1.0011558532714844,0.8139173984527588,1.09375,0.24578315019607544,0.3424937427043915,0.48869025707244873,0.619862973690033,42.71380653381348,210.58887481689428,425.15314849853473,31.73300552368169,168.22005844116165,486.4325079345696,0.9179133103183736,0.42780056595802307,0.1966516375541687,0.42730665,1.740561,0.3031679391860962,0.4318436086177826,0.19666391611099243,0.43134505,1.7570106,0.3031679391860962
1022_19-1.npz,1022_19,1022,1,5609,1.0011558532714844,0.8139173984527588,1.09375,0.24578315019607544,0.3424937427043915,0.48869025707244873,0.619862973690033,22.447621726989805,127.90109024047842,405.30753051757796,22.046484756469756,128.38514633178684,439.276214294433,0.9436345966958212,0.48047685623168945,0.20055919885635376,0.47992215,1.9548812,0.3187929391860962,0.44721683859825134,0.20114052295684814,0.4467005,1.8195586,0.3187929391860962
1022_19-2.npz,1022_19,1022,2,5609,1.0011558532714844,0.8139173984527588,1.09375,0.24578315019607544,0.3424937427043915,0.48869025707244873,0.619862973690033,31.025746726989762,206.23973388671817,455.4524725341793,27.50146274566651,160.51329421996994,444.7166744995099,0.9223375624759708,0.4609420597553253,0.19652050733566284,0.46040988,1.8754014,0.3031679391860962,0.44728875160217285,0.19652050733566284,0.44677234,1.8198512,0.2875429391860962
1022_19-3.npz,1022_19,1022,3,5609,1.0011558532714844,0.8139173984527588,1.09375,0.24578315019607544,0.3424937427043915,0.48869025707244873,0.619862973690033,31.035395240783966,190.8895568847656,426.1517520141599,21.320121574401863,110.03570213317866,384.8310406494124,0.926040061633282,0.4158256947994232,0.19338738918304443,0.4153456,1.6918397,0.2719179391860962,0.46871301531791687,0.19639897346496582,0.46817186,1.9070185,0.3187929391860962
1022_19-4.npz,1022_19,1022,4,5609,1.0011558532714844,0.8139173984527588,1.09375,0.24578315019607544,0.3424937427043915,0.48869025707244873,0.619862973690033,23.711944961547935,118.08129653930641,408.8677481079087,8.447335052490283,85.94020652770989,370.21631378173805,0.7964609718853858,0.4550991356372833,0.20231735706329346,0.45457372,1.8516287,0.2875429391860962,0.4785195291042328,0.20038360357284546,0.47796708,1.9469175,0.3187929391860962
1023_1-0.npz,1023_1,1023,0,18397,2.032419443130493,0.8150795698165894,1.25,1.2766892910003662,0.7876279354095459,1.0248727798461914,1.652594804763794,7.463455629348757,47.982671737670735,260.02458740234334,7.029890012741106,41.99913864135692,247.2895375061034,0.9173617102866456,1.580468773841858,0.8281285166740417,0.77762926,1.2379432,0.3173246383666992,1.580468773841858,0.8359442949295044,0.77762926,1.2379432,0.3173246383666992
1023_1-1.npz,1023_1,1023,1,18397,2.032419443130493,0.8150795698165894,1.25,1.2766892910003662,0.7876279354095459,1.0248727798461914,1.652594804763794,7.194490003585821,43.62757892608643,279.359154052734,6.614673423767118,38.011778640746954,318.8060491943355,0.9002375296912114,1.6055583953857422,0.8203200101852417,0.7899739,1.2575953,0.3485746383666992,1.5761871337890625,0.8212800621986389,0.7755226,1.2345895,0.3173246383666992
1023_1-2.npz,1023_1,1023,2,18397,2.032419443130493,0.8150795698165894,1.25,1.2766892910003662,0.7876279354095459,1.0248727798461914,1.652594804763794,7.942631578445444,51.9244312286376,310.87980895995986,6.195775365829473,38.429089355468726,276.89289062499813,0.8814675446848542,1.6055583953857422,0.8290954232215881,0.7899739,1.2575953,0.3485746383666992,1.634867548942566,0.8359522819519043,0.8043948,1.2805524,0.3798246383666992
1023_1-3.npz,1023_1,1023,3,18397,2.032419443130493,0.8150795698165894,1.25,1.2766892910003662,0.7876279354095459,1.0248727798461914,1.652594804763794,8.675865840911866,49.82439174652067,343.8707943725584,7.0871151447296254,40.243126678466794,316.4852401733397,0.9042178425211844,1.5743083953857422,0.8359410166740417,0.7745982,1.2331179,0.3173246383666992,1.5782675743103027,0.835959255695343,0.7765462,1.236219,0.3173246383666992
1023_1-4.npz,1023_1,1023,4,18397,2.032419443130493,0.8150795698165894,1.25,1.2766892910003662,0.7876279354095459,1.0248727798461914,1.652594804763794,8.124289512634347,46.45601558685297,280.9405972290033,6.639166307449408,37.50763130187987,259.6736666870114,0.8968133535660091,1.6157116889953613,0.8437567949295044,0.7949696,1.2655481,0.3485746383666992,1.6447980403900146,0.8437503576278687,0.8092808,1.2883307,0.3798246383666992
1023_10-0.npz,1023_10,1023,0,4269,1.0629029273986816,0.8139842748641968,0.96875,0.2835741937160492,0.22753962874412537,0.5117805004119873,0.6684165000915527,9.029787904069054e-08,2.4103151332610627e-07,3.4615684489835864e-06,6.926142432917012e-08,2.0760487871029848e-07,3.1224696726894737e-06,0.7974296755639435,0.3850175142288208,0.5000850558280945,0.36223206,1.3577311,0.10542386770248413,0.3948287069797516,0.546875,0.3714626,1.3923295,0.11323636770248413
1023_10-1.npz,1023_10,1023,1,4269,1.0629029273986816,0.8139842748641968,0.96875,0.2835741937160492,0.22753962874412537,0.5117805004119873,0.6684165000915527,9.883446239200586e-08,2.7501439632260074e-07,3.4530051425463143e-06,7.556535095432088e-08,2.1752824181930915e-07,2.999141790951309e-06,0.7724211272598369,0.3225175142288208,0.21709537506103516,0.30343083,1.1373303,0.04292386770248413,0.35091716051101685,0.5000850558280945,0.33014977,1.2374792,0.07417386770248413
1023_10-2.npz,1023_10,1023,2,4269,1.0629029273986816,0.8139842748641968,0.96875,0.2835741937160492,0.22753962874412537,0.5117805004119873,0.6684165000915527,9.980085380334494e-08,2.8591734206884197e-07,3.1596734288541135e-06,6.945126642676771e-08,2.1229671816058675e-07,2.7410419716034064e-06,0.7823723375813207,0.31670376658439636,0.5000850558280945,0.29796115,1.1168286,0.035111427307128906,0.3850175142288208,0.5000850558280945,0.36223206,1.3577311,0.10542386770248413
1023_10-3.npz,1023_10,1023,3,4269,1.0629029273986816,0.8139842748641968,0.96875,0.2835741937160492,0.22753962874412537,0.5117805004119873,0.6684165000915527,8.022564230714152e-08,2.357659020901789e-07,3.2616199746371095e-06,6.34390040943345e-08,1.9529900541215263e-07,2.694841473385089e-06,0.8143880976140796,0.38505253195762634,0.21709537506103516,0.362265,1.3578546,0.10542386770248413,0.3615800142288208,0.21535247564315796,0.3401816,1.2750808,0.08198636770248413
1023_10-4.npz,1023_10,1023,4,4269,1.0629029273986816,0.8139842748641968,0.96875,0.2835741937160492,0.22753962874412537,0.5117805004119873,0.6684165000915527,1.0100234959509181e-07,2.9046990732695065e-07,3.6619189449993334e-06,7.390681631136433e-08,2.2033438042967472e-07,3.135977178771985e-06,0.7897091722595079,0.38505253195762634,0.2151627242565155,0.362265,1.3578546,0.10542386770248413,0.38505253195762634,0.261952668428421,0.362265,1.3578546,0.10542386770248413
1023_11-0.npz,1023_11,1023,0,13292,1.9384140968322754,0.8152757883071899,1.15625,1.1584705114364624,0.6982865333557129,0.8002671003341675,1.5382804870605469,31.491545104980535,106.35989341735811,301.39905120849556,25.67974834442147,80.30793266296361,283.31672302246074,0.8203331209611359,1.2481956481933594,0.7402248382568359,0.6439262,1.0774513,0.09544610977172852,1.2560081481933594,0.7421358823776245,0.64795655,1.0841951,0.10325860977172852
1023_11-1.npz,1023_11,1023,1,13292,1.9384140968322754,0.8152757883071899,1.15625,1.1584705114364624,0.6982865333557129,0.8002671003341675,1.5382804870605469,25.169472122192452,89.13837318420404,279.02125091552733,20.017396354675324,77.54173431396481,246.3388369750976,0.845529205499677,1.2676293849945068,0.7265108823776245,0.6539518,1.0942267,0.11888360977172852,1.265720009803772,0.7343233823776245,0.6529668,1.0925785,0.11888360977172852
1023_11-2.npz,1023_11,1023,2,13292,1.9384140968322754,0.8152757883071899,1.15625,1.1584705114364624,0.6982865333557129,0.8002671003341675,1.5382804870605469,33.22531394958499,108.31451530456475,267.26989654541006,28.584506225586015,72.60673484802204,285.5273052978487,0.7560804284836246,1.2347352504730225,0.7324123382568359,0.6369822,1.0658323,0.07982110977172852,1.25029456615448,0.7421358823776245,0.64500904,1.0792632,0.09544610977172852
1023_11-3.npz,1023_11,1023,3,13292,1.9384140968322754,0.8152757883071899,1.15625,1.1584705114364624,0.6982865333557129,0.8002671003341675,1.5382804870605469,17.876200485229504,65.34727706909158,201.31236968994085,13.961162757873554,51.5668436050415,156.67411102294852,0.862370798025887,1.2541357278823853,0.7245998382568359,0.6469906,1.0825789,0.11107110977172852,1.240488052368164,0.7265108823776245,0.63995,1.0707982,0.09544610977172852
1023_11-4.npz,1023_11,1023,4,13292,1.9384140968322754,0.8152757883071899,1.15625,1.1584705114364624,0.6982865333557129,0.8002671003341675,1.5382804870605469,29.973540306091323,107.20754394531218,273.8038452148436,22.5516946792603,72.93801727294898,220.41397399902314,0.7919541259743751,1.2734942436218262,0.7402248382568359,0.6569774,1.0992893,0.11888360977172852,1.2734942436218262,0.7402248382568359,0.6569774,1.0992893,0.11888360977172852
1023_12-0.npz,1023_12,1023,0,15327,1.8450417518615723,0.8163554668426514,0.84375,1.084032416343689,0.4145011901855469,0.8466660976409912,1.4533122777938843,23.346917343139673,59.00933609008746,179.11225753784063,18.127219772338876,46.66312141418444,144.2039894104003,0.7675651789659743,0.9675976037979126,0.35743704438209534,0.5244313,0.892591,-0.09193718433380127,0.9791477918624878,0.36524954438209534,0.5306914,0.90324587,-0.08038699626922607
1023_12-1.npz,1023_12,1023,1,15327,1.8450417518615723,0.8163554668426514,0.84375,1.084032416343689,0.4145011901855469,0.8466660976409912,1.4533122777938843,23.322766494750987,50.10719776153504,194.63278823852508,18.96882781982424,42.35044021606438,170.3914564514154,0.7047391749062394,0.9829615950584412,0.3535155951976776,0.5327585,0.90676403,-0.08038699626922607,0.9885841608047485,0.34962451457977295,0.5358058,0.9119507,-0.06893372535705566
1023_12-2.npz,1023_12,1023,2,15327,1.8450417518615723,0.8163554668426514,0.84375,1.084032416343689,0.4145011901855469,0.8466660976409912,1.4533122777938843,26.601823616027854,56.00444297790487,206.71719451904266,20.109997558593754,48.12321739196776,232.4168713378904,0.7513134851138353,0.965594470500946,0.3378904461860657,0.5233456,0.8907432,-0.10367465019226074,0.9927701354026794,0.34962451457977295,0.5380746,0.9158122,-0.07856595516204834
1023_12-3.npz,1023_12,1023,3,15327,1.8450417518615723,0.8163554668426514,0.84375,1.084032416343689,0.4145011901855469,0.8466660976409912,1.4533122777938843,20.89648551940918,56.083827972411804,243.82004898071256,15.121347427368175,46.81701622009265,261.0937893676746,0.771322292091046,0.9694088697433472,0.35743704438209534,0.525413,0.8942619,-0.0901259183883667,1.093907117843628,0.36719799041748047,0.59289014,1.0091093,0.03235447406768799
1023_12-4.npz,1023_12,1023,4,15327,1.8450417518615723,0.8163554668426514,0.84375,1.084032416343689,0.4145011901855469,0.8466660976409912,1.4533122777938843,31.202009391784685,75.47075233459452,245.30314651489232,22.582787704467787,51.17851333618127,193.0842663574201,0.6549441456350849,0.9551969170570374,0.34961453080177307,0.5177102,0.8811516,-0.11798274517059326,0.9631307125091553,0.36523953080177307,0.52201027,0.8884704,-0.11201584339141846
1023_13-0.npz,1023_13,1023,0,21302,1.9068794250488281,0.8157711625099182,1.125,1.1279962062835693,0.7484868764877319,0.903290331363678,1.5142215490341187,32.15797729492188,83.16838226318345,229.40614120483374,22.270602035522497,66.56064834594709,231.7290237426754,0.7685029622424617,0.8344089984893799,0.38875696063041687,0.43757826,0.7397268,-0.2889498472213745,0.8487627506256104,0.38875696063041687,0.4451056,0.7524518,-0.27459609508514404
1023_13-1.npz,1023_13,1023,1,21302,1.9068794250488281,0.8157711625099182,1.125,1.1279962062835693,0.7484868764877319,0.903290331363678,1.5142215490341187,25.18478717803956,63.1833215713499,220.15723327636672,18.576376342773496,53.5331607818603,205.0393722534173,0.7758835020422661,0.8401564359664917,0.39071616530418396,0.44059232,0.744822,-0.28309857845306396,0.8720437288284302,0.39267659187316895,0.45731455,0.773091,-0.2513151168823242
1023_13-2.npz,1023_13,1023,2,21302,1.9068794250488281,0.8157711625099182,1.125,1.1279962062835693,0.7484868764877319,0.903290331363678,1.5142215490341187,32.2350154876709,75.74549102783159,281.3457495117181,21.857231330871585,63.96802825927723,256.2268182373042,0.7280110592707794,0.8344089984893799,0.39071616530418396,0.43757826,0.7397268,-0.2889498472213745,0.872085452079773,0.3907146453857422,0.45733646,0.773128,-0.25127339363098145
1023_13-3.npz,1023_13,1023,3,21302,1.9068794250488281,0.8157711625099182,1.125,1.1279962062835693,0.7484868764877319,0.903290331363678,1.5142215490341187,31.663275527954138,91.82011642456042,257.2169940185543,22.73891162872315,60.681812858581466,228.99948776245114,0.7618040873854828,0.8344089984893799,0.39071616530418396,0.43757826,0.7397268,-0.2889498472213745,0.8409891128540039,0.39267659187316895,0.44102898,0.7455602,-0.2823697328567505
1023_13-4.npz,1023_13,1023,4,21302,1.9068794250488281,0.8157711625099182,1.125,1.1279962062835693,0.7484868764877319,0.903290331363678,1.5142215490341187,30.831052207946797,77.43016052246087,224.6308709716791,20.894665718078635,57.79650535583472,225.46646224975518,0.713796058269066,0.8344089984893799,0.39071616530418396,0.43757826,0.7397268,-0.2889498472213745,0.8720437288284302,0.3911419212818146,0.45731455,0.773091,-0.2513151168823242
1023_14-0.npz,1023_14,1023,0,23345,2.2196736335754395,0.8151500225067139,1.1875,1.466078281402588,0.7764537334442139,1.0437958240509033,1.8422636985778809,35.05252494812015,86.35784530639623,260.9901144409166,23.6661153793335,60.306427192687885,254.40813293456804,0.6686133822793259,0.9812571406364441,0.38756662607192993,0.44207272,0.6693075,-0.4813312292098999,1.0399444103240967,0.38756662607192993,0.4685123,0.7093376,-0.4226440191268921
1023_14-1.npz,1023_14,1023,1,23345,2.2196736335754395,0.8151500225067139,1.1875,1.466078281402588,0.7764537334442139,1.0437958240509033,1.8422636985778809,24.416925811767584,69.96190567016569,280.86547119140494,16.04936256408693,51.83000297546358,251.29502059936507,0.6989466530750934,0.9709653258323669,0.38984012603759766,0.43743607,0.66228753,-0.48782360553741455,1.0342886447906494,0.3859454393386841,0.4659643,0.7054798,-0.4226440191268921
1023_14-2.npz,1023_14,1023,2,23345,2.2196736335754395,0.8151500225067139,1.1875,1.466078281402588,0.7764537334442139,1.0437958240509033,1.8422636985778809,30.15018062591557,80.64318656921346,307.6399411010742,18.81664028167725,56.128590393066304,272.8060858154291,0.6589250165892502,0.9836552143096924,0.38736680150032043,0.44315308,0.6709432,-0.48054826259613037,1.0609488487243652,0.38951626420021057,0.47797516,0.7236645,-0.4032546281814575
1023_14-3.npz,1023_14,1023,3,23345,2.2196736335754395,0.8151500225067139,1.1875,1.466078281402588,0.7764537334442139,1.0437958240509033,1.8422636985778809,24.623979187011727,77.31647872924795,241.84760238647453,17.31257190704349,59.31889514923082,198.7133215332031,0.7587055926837847,1.0399444103240967,0.38951626420021057,0.4685123,0.7093376,-0.4226440191268921,1.061091423034668,0.38984012603759766,0.47803938,0.7237618,-0.4032546281814575
1023_14-4.npz,1023_14,1023,4,23345,2.2196736335754395,0.8151500225067139,1.1875,1.466078281402588,0.7764537334442139,1.0437958240509033,1.8422636985778809,28.010644340515153,75.8715023040768,274.31395904540955,23.210068130493177,58.54789829254149,189.73220870971642,0.7738359201773836,1.0399444103240967,0.3848351836204529,0.4685123,0.7093376,-0.4226440191268921,1.0325427055358887,0.3847755491733551,0.4651777,0.70428896,-0.4226440191268921
1023_15-0.npz,1023_15,1023,0,21436,2.1885666847229004,0.81424480676651,1.21875,1.448214054107666,0.7749995589256287,1.0717265605926514,1.8187382221221924,16.198926353454603,81.92323570251426,311.08166564941325,14.060683536529542,75.17133255004866,284.33579467773393,0.8935807612194661,1.7520313262939453,0.8085950613021851,0.80053824,1.2097875,0.307328462600708,1.7520313262939453,0.813237190246582,0.80053824,1.2097875,0.307328462600708
1023_15-1.npz,1023_15,1023,1,21436,2.1885666847229004,0.81424480676651,1.21875,1.448214054107666,0.7749995589256287,1.0717265605926514,1.8187382221221924,13.004661560058612,63.913716506957506,282.0916229248029,10.75651865005495,56.61050586700424,275.4282400512679,0.8939393939393939,1.7324769496917725,0.8211202025413513,0.79160345,1.1962851,0.291703462600708,1.7501704692840576,0.8209508657455444,0.799688,1.2085027,0.307328462600708
1023_15-2.npz,1023_15,1023,2,21436,2.1885666847229004,0.81424480676651,1.21875,1.448214054107666,0.7749995589256287,1.0717265605926514,1.8187382221221924,15.33547286987306,82.34374008178703,316.0340948486309,14.845934104919436,68.23223304748525,278.61739471435425,0.9073049780659928,1.7519559860229492,0.8093363046646118,0.8005038,1.2097355,0.307328462600708,1.746133804321289,0.8093364238739014,0.7978436,1.2057153,0.307328462600708
1023_15-3.npz,1023_15,1023,3,21436,2.1885666847229004,0.81424480676651,1.21875,1.448214054107666,0.7749995589256287,1.0717265605926514,1.8187382221221924,21.364104080200196,85.17001686096093,337.01630249023196,18.81772251129156,66.62048301696719,274.2007949829101,0.8611576400521124,1.7345454692840576,0.8056185841560364,0.7925486,1.1977135,0.291703462600708,1.7345454692840576,0.8172069787979126,0.7925486,1.1977135,0.291703462600708
1023_15-4.npz,1023_15,1023,4,21436,2.1885666847229004,0.81424480676651,1.21875,1.448214054107666,0.7749995589256287,1.0717265605926514,1.8187382221221924,16.955402946472205,86.97370033264147,352.4903366088853,14.402649688720714,80.58828430175762,317.2744616699216,0.8703824932198635,1.7520313262939453,0.8085950613021851,0.80053824,1.2097875,0.307328462600708,1.7520313262939453,0.8097178339958191,0.80053824,1.2097875,0.307328462600708
1023_16-0.npz,1023_16,1023,0,10435,1.2822376489639282,0.813247799873352,1.21875,0.5139347910881042,0.5698125958442688,0.6293624043464661,0.8925663232803345,3.238260054588329,35.38040428161618,389.5382489013672,2.8402402877807624,30.73075218200671,367.8693029785142,0.937608990505716,0.8713404536247253,0.5761717557907104,0.6795468,1.69543,0.35842132568359375,0.8400904536247253,0.5644535422325134,0.6551753,1.6346246,0.32717132568359375
1023_16-1.npz,1023_16,1023,1,10435,1.2822376489639282,0.813247799873352,1.21875,0.5139347910881042,0.5698125958442688,0.6293624043464661,0.8925663232803345,3.3646373987197973,32.793945312499865,410.81344360351557,3.019964814186099,28.602874946593985,295.86809936523275,0.929570670525808,0.8713404536247253,0.5742926597595215,0.6795468,1.69543,0.35842132568359375,0.8713404536247253,0.5742926597595215,0.6795468,1.69543,0.35842132568359375
1023_16-2.npz,1023_16,1023,2,10435,1.2822376489639282,0.813247799873352,1.21875,0.5139347910881042,0.5698125958442688,0.6293624043464661,0.8925663232803345,3.002314567565923,31.258323574066033,352.5042004394516,2.9502624034881775,27.82769784927334,319.82745971679645,0.9355463079454176,0.8400904536247253,0.5742926597595215,0.6551753,1.6346246,0.32717132568359375,0.8713404536247253,0.5664066076278687,0.6795468,1.69543,0.35842132568359375
1023_16-3.npz,1023_16,1023,3,10435,1.2822376489639282,0.813247799873352,1.21875,0.5139347910881042,0.5698125958442688,0.6293624043464661,0.8925663232803345,3.121666002273561,35.629863166808676,376.63921966552704,2.5162422418594366,24.390260982513354,342.68194793701065,0.8821757952192735,0.8713404536247253,0.5742926597595215,0.6795468,1.69543,0.35842132568359375,0.8713404536247253,0.5728009939193726,0.6795468,1.69543,0.35842132568359375
1023_16-4.npz,1023_16,1023,4,10435,1.2822376489639282,0.813247799873352,1.21875,0.5139347910881042,0.5698125958442688,0.6293624043464661,0.8925663232803345,2.174455976486206,18.900107860565015,186.80848342895322,1.9388795971870432,16.811816406249932,196.7029243469233,0.9160758766047136,0.8400904536247253,0.5644535422325134,0.6551753,1.6346246,0.32717132568359375,0.842031717300415,0.5625091791152954,0.6566893,1.6384019,0.32717132568359375
1023_17-0.npz,1023_17,1023,0,15867,1.969907283782959,0.8160431981086731,0.875,1.2034825086593628,0.4338282644748688,0.8682498931884766,1.5723921060562134,19.510031127929715,88.8929279327389,279.2954327392557,18.094646453857475,76.7767360687255,255.9440441894531,0.8891092849721356,1.0762324333190918,0.36045676469802856,0.5463366,0.8942651,-0.11666834354400635,1.0721464157104492,0.36796244978904724,0.54426235,0.89087,-0.1165686845779419
1023_17-1.npz,1023_17,1023,1,15867,1.969907283782959,0.8160431981086731,0.875,1.2034825086593628,0.4338282644748688,0.8682498931884766,1.5723921060562134,25.429062652587945,102.48375701904288,331.244035644531,24.03811626434328,85.29607048034605,315.49818695068336,0.8971732119142478,1.064156413078308,0.37600231170654297,0.5402064,0.8842309,-0.1323310136795044,1.064156413078308,0.38376733660697937,0.5402064,0.8842309,-0.1323310136795044
1023_17-2.npz,1023_17,1023,2,15867,1.969907283782959,0.8160431981086731,0.875,1.2034825086593628,0.4338282644748688,0.8682498931884766,1.5723921060562134,24.56032657623292,93.07128486633226,340.2618234252926,19.29938774108889,82.9743614196777,345.18752441406184,0.8127435874195595,1.0798190832138062,0.37788406014442444,0.54815733,0.89724535,-0.11666834354400635,1.0523484945297241,0.3719402551651001,0.5342122,0.87441945,-0.14409136772155762
1023_17-3.npz,1023_17,1023,3,15867,1.969907283782959,0.8160431981086731,0.875,1.2034825086593628,0.4338282644748688,0.8682498931884766,1.5723921060562134,23.704974365234396,81.33004112243653,276.0418502807615,18.943861961364764,65.96204719543451,264.20025421142384,0.8380663541953864,1.0797715187072754,0.36791953444480896,0.5481332,0.8972058,-0.11666834354400635,1.0797383785247803,0.3678974509239197,0.5481163,0.8971783,-0.11666834354400635
1023_17-4.npz,1023_17,1023,4,15867,1.969907283782959,0.8160431981086731,0.875,1.2034825086593628,0.4338282644748688,0.8682498931884766,1.5723921060562134,26.146295166015655,98.67526550292938,333.29266662597564,21.39035549163823,88.92358589172328,356.61571655273406,0.85649308456326,1.064156413078308,0.36830341815948486,0.5402064,0.8842309,-0.1323310136795044,1.064156413078308,0.3776322901248932,0.5402064,0.8842309,-0.1323310136795044
1023_18-0.npz,1023_18,1023,0,21254,2.001107931137085,0.8156194686889648,1.21875,1.2610975503921509,0.7678322792053223,1.018533706665039,1.6338012218475342,10.557745075225851,47.458132553100455,228.94066131591666,7.837374925613405,32.41808376312246,232.79363616943346,0.8304960644334615,1.5608742237091064,0.8242194652557373,0.78000504,1.237711,0.3048067092895508,1.5608742237091064,0.8320319652557373,0.78000504,1.237711,0.3048067092895508
1023_18-1.npz,1023_18,1023,1,21254,2.001107931137085,0.8156194686889648,1.21875,1.2610975503921509,0.7678322792053223,1.018533706665039,1.6338012218475342,11.980636596679691,46.02074279785128,212.51779968261718,8.241598224639894,32.0006284713745,209.48874832153192,0.808154778049001,1.5608742237091064,0.8046878576278687,0.78000504,1.237711,0.3048067092895508,1.5587669610977173,0.8125003576278687,0.77895194,1.23604,0.3048067092895508
1023_18-2.npz,1023_18,1023,2,21254,2.001107931137085,0.8156194686889648,1.21875,1.2610975503921509,0.7678322792053223,1.018533706665039,1.6338012218475342,13.283243465423622,54.32537155151353,247.3759739685058,9.824409961700448,45.56892299652096,256.4925885009759,0.8003420649923485,1.5588092803955078,0.8046878576278687,0.7789731,1.2360735,0.3048067092895508,1.5527982711791992,0.8085944652557373,0.77596927,1.231307,0.3048067092895508
1023_18-3.npz,1023_18,1023,3,21254,2.001107931137085,0.8156194686889648,1.21875,1.2610975503921509,0.7678322792053223,1.018533706665039,1.6338012218475342,9.527327632904065,43.07648391723561,242.9758984374981,7.353499507904058,37.00880565643297,217.1707693481441,0.8441678192715537,1.5468809604644775,0.8085944652557373,0.7730123,1.2266148,0.3048067092895508,1.5410287380218506,0.8085944652557373,0.7700878,1.2219743,0.3048067092895508
1023_18-4.npz,1023_18,1023,4,21254,2.001107931137085,0.8156194686889648,1.21875,1.2610975503921509,0.7678322792053223,1.018533706665039,1.6338012218475342,9.80695524215699,41.895807647705006,229.50130416870036,8.314595890045169,39.39146823883055,222.7582406616198,0.8443378827001107,1.5274392366409302,0.8125,0.7632968,1.2111983,0.2891817092895508,1.5274392366409302,0.8046875,0.7632968,1.2111983,0.2891817092895508
1023_20-0.npz,1023_20,1023,0,21571,2.25,0.8155206441879272,1.125,1.4648609161376953,0.7450097799301147,1.0364867448806763,1.8550138473510742,33.30891380310061,80.52462692260741,245.7646720886224,21.306324195861823,50.417545890807965,175.3965599060057,0.6629250852249107,1.0656075477600098,0.3962286114692688,0.47360337,0.7274462,-0.39521920680999756,1.0886647701263428,0.39627498388290405,0.48385102,0.7431864,-0.37415504455566406
1023_20-1.npz,1023_20,1023,1,21571,2.25,0.8155206441879272,1.125,1.4648609161376953,0.7450097799301147,1.0364867448806763,1.8550138473510742,27.77517719268801,89.00116195678702,322.7651788330065,21.123512077331558,71.38452339172355,241.34900115966784,0.7964609718853858,1.0866717100143433,0.39627188444137573,0.4829652,0.7418259,-0.37415504455566406,1.107861876487732,0.3962317109107971,0.49238306,0.7562915,-0.3508915901184082
1023_20-2.npz,1023_20,1023,2,21571,2.25,0.8155206441879272,1.125,1.4648609161376953,0.7450097799301147,1.0364867448806763,1.8550138473510742,30.258189964294438,84.03258056640593,298.70660278320264,21.438066673278815,58.63220882415764,303.6225848388664,0.7523876281433453,1.0827468633651733,0.39627188444137573,0.48122084,0.73914653,-0.378079891204834,1.1099351644515991,0.39627498388290405,0.49330452,0.7577069,-0.3508915901184082
1023_20-3.npz,1023_20,1023,3,21571,2.25,0.8155206441879272,1.125,1.4648609161376953,0.7450097799301147,1.0364867448806763,1.8550138473510742,31.3296895980835,79.51790161132737,344.58662689208865,22.78574981689459,58.91187648773184,369.94341918945196,0.7248814144027598,1.0809040069580078,0.3961772918701172,0.48040178,0.7378885,-0.38195252418518066,1.0887014865875244,0.3962104618549347,0.48386732,0.7432115,-0.37415504455566406
1023_20-4.npz,1023_20,1023,4,21571,2.25,0.8155206441879272,1.125,1.4648609161376953,0.7450097799301147,1.0364867448806763,1.8550138473510742,33.43346633911134,83.9850337982173,310.23120849609336,27.674344825744654,71.41303024291975,310.3983334350584,0.7882689556509299,1.0788742303848267,0.39627188444137573,0.47949967,0.7365028,-0.38195252418518066,1.0866717100143433,0.39627188444137573,0.4829652,0.7418259,-0.37415504455566406
1023_21-0.npz,1023_21,1023,0,20593,2.032003402709961,0.8164652585983276,1.15625,1.256296157836914,0.7133520841598511,0.9748398661613464,1.6427310705184937,2.860868716239934,15.007268810272208,143.01984970092508,2.5138837575912483,13.05730872154235,126.17317787170388,0.8878610534264678,0.9804700613021851,0.40624260902404785,0.482514,0.780445,-0.2513526678085327,1.0412975549697876,0.40624260902404785,0.5124487,0.82886314,-0.18885266780853271
1023_21-1.npz,1023_21,1023,1,20593,2.032003402709961,0.8164652585983276,1.15625,1.256296157836914,0.7133520841598511,0.9748398661613464,1.6427310705184937,4.746797800064093,15.822784233093206,156.6808821105951,4.3578800678253184,15.06457586288452,136.1743615722652,0.9033117624666921,1.101928949356079,0.42578521370887756,0.54228693,0.87712514,-0.14197766780853271,1.101928949356079,0.4297318458557129,0.54228693,0.87712514,-0.14197766780853271
1023_21-2.npz,1023_21,1023,2,20593,2.032003402709961,0.8164652585983276,1.15625,1.256296157836914,0.7133520841598511,0.9748398661613464,1.6427310705184937,4.8304220199585,18.688158130645736,150.67601364135626,4.918994712829597,18.91908254623412,126.59570541381673,0.9058509624547361,1.0158557891845703,0.39849555492401123,0.4999282,0.8086117,-0.22791516780853271,0.9924182295799255,0.393356055021286,0.488394,0.7899556,-0.2513526678085327
1023_21-3.npz,1023_21,1023,3,20593,2.032003402709961,0.8164652585983276,1.15625,1.256296157836914,0.7133520841598511,0.9748398661613464,1.6427310705184937,4.9993247509002705,16.31408243179309,128.94950988769503,4.452378129959116,15.513430547714199,120.39313652038335,0.8781106207155601,1.097717523574829,0.4280792474746704,0.5402144,0.87377286,-0.14197766780853271,1.2111682891845703,0.435560405254364,0.5960464,0.96407866,-0.032602667808532715
1023_21-4.npz,1023_21,1023,4,20593,2.032003402709961,0.8164652585983276,1.15625,1.256296157836914,0.7133520841598511,0.9748398661613464,1.6427310705184937,5.340039014816306,17.781089401245037,144.78049026489256,4.735209083557133,16.455355262756328,119.57829223632784,0.8796992481203008,1.180053949356079,0.410243421792984,0.58073425,0.9393119,-0.06385266780853271,1.24245285987854,0.4277481138706207,0.6114423,0.9889809,-0.0013179779052734375
1023_23-0.npz,1023_23,1023,0,8495,1.2821033000946045,0.8137233853340149,1.125,0.5266620516777039,0.4375673234462738,0.6077789068222046,0.9039909839630127,0.0022911954903975136,0.03412971738725891,1.8978641653060657,0.0021072989562526427,0.03286226727068417,1.8509528970718352,0.9421246844047387,0.702694833278656,0.24471285939216614,0.5480797,1.3342423,0.1749873161315918,0.702694833278656,0.24423503875732422,0.5480797,1.3342423,0.1749873161315918
1023_23-1.npz,1023_23,1023,1,8495,1.2821033000946045,0.8137233853340149,1.125,0.5266620516777039,0.4375673234462738,0.6077789068222046,0.9039909839630127,0.002310430351644763,0.033974425122141834,1.9238585698604547,0.0021890831878408792,0.03244859743863322,1.8667748832702595,0.9387359441644048,0.702694833278656,0.2408006489276886,0.5480797,1.3342423,0.1749873161315918,0.702694833278656,0.24423503875732422,0.5480797,1.3342423,0.1749873161315918
1023_23-2.npz,1023_23,1023,2,8495,1.2821033000946045,0.8137233853340149,1.125,0.5266620516777039,0.4375673234462738,0.6077789068222046,0.9039909839630127,0.0023068740963935893,0.03364075236022446,1.8230050635337414,0.0022202587919309745,0.03300638310611218,1.8336628937721093,0.9449576971700866,0.702694833278656,0.2408006489276886,0.5480797,1.3342423,0.1749873161315918,0.702694833278656,0.26730746030807495,0.5480797,1.3342423,0.1749873161315918
1023_23-3.npz,1023_23,1023,3,8495,1.2821033000946045,0.8137233853340149,1.125,0.5266620516777039,0.4375673234462738,0.6077789068222046,0.9039909839630127,0.0023855703650042487,0.03448154442012295,1.9104731142520799,0.0021925200475379904,0.031660172343253745,1.8265951120853294,0.937046004842615,0.702694833278656,0.2423992156982422,0.5480797,1.3342423,0.1749873161315918,0.702694833278656,0.24631142616271973,0.5480797,1.3342423,0.1749873161315918
1023_23-4.npz,1023_23,1023,4,8495,1.2821033000946045,0.8137233853340149,1.125,0.5266620516777039,0.4375673234462738,0.6077789068222046,0.9039909839630127,0.0023198405047878765,0.033685723133384866,1.9415405499934868,0.002120929141528905,0.03341657780110804,1.862299197912211,0.9421246844047387,0.702694833278656,0.24631142616271973,0.5480797,1.3342423,0.1749873161315918,0.702694833278656,0.24471285939216614,0.5480797,1.3342423,0.1749873161315918
1023_24-0.npz,1023_24,1023,0,8227,1.2507851123809814,0.8140707015991211,1.1875,0.5009440183639526,0.5045410990715027,0.6109991073608398,0.8791666030883789,1.7732635974884035,11.206502056121746,215.66086822509627,1.717124199867249,10.75384302139281,202.00398468017548,0.9557989438685703,0.8125249147415161,0.4941492974758148,0.6496119,1.6219875,0.30911850929260254,0.8132084608078003,0.4941492974758148,0.6501584,1.6233519,0.30911850929260254
1023_24-1.npz,1023_24,1023,1,8227,1.2507851123809814,0.8140707015991211,1.1875,0.5009440183639526,0.5045410990715027,0.6109991073608398,0.8791666030883789,1.6028513669967728,10.152481794357294,188.61521163940355,1.6092752099037193,10.13253197669982,184.08627593994112,0.9565642731363725,0.8125249147415161,0.490279883146286,0.6496119,1.6219875,0.30911850929260254,0.8125249147415161,0.49023839831352234,0.6496119,1.6219875,0.30911850929260254
1023_24-2.npz,1023_24,1023,2,8227,1.2507851123809814,0.8140707015991211,1.1875,0.5009440183639526,0.5045410990715027,0.6109991073608398,0.8791666030883789,1.6959796309471138,10.566909217834382,202.33110168457006,1.629923975467683,9.882933568954401,174.07892929077087,0.9479887016655303,0.8125249147415161,0.4941398799419403,0.6496119,1.6219875,0.30911850929260254,0.8437749147415161,0.48842450976371765,0.67459625,1.6843697,0.34036850929260254
1023_24-3.npz,1023_24,1023,3,8227,1.2507851123809814,0.8140707015991211,1.1875,0.5009440183639526,0.5045410990715027,0.6109991073608398,0.8791666030883789,1.693346047401432,10.519641590118308,201.1428521728513,1.6908890128135685,10.447432422637842,202.75881530761683,0.9432568985619899,0.8125249147415161,0.49026092886924744,0.6496119,1.6219875,0.30911850929260254,0.8132084608078003,0.4902363121509552,0.6501584,1.6233519,0.30911850929260254
1023_24-4.npz,1023_24,1023,4,8227,1.2507851123809814,0.8140707015991211,1.1875,0.5009440183639526,0.5045410990715027,0.6109991073608398,0.8791666030883789,1.6499624609947257,10.438053989410385,193.22526306152338,1.475435280799866,9.991487264632982,166.1873468017568,0.9468509685583568,0.8437749147415161,0.49023839831352234,0.67459625,1.6843697,0.34036850929260254,0.8444584608078003,0.4941816031932831,0.6751427,1.6857342,0.34036850929260254
1023_25-0.npz,1023_25,1023,0,20341,2.063340187072754,0.815605878829956,1.1875,1.3022470474243164,0.754291832447052,1.0008502006530762,1.675446629524231,3.4862368106842068,21.0840911865229,189.38067108154135,2.8145092248916628,17.431449508666987,185.7728849792475,0.8960940462646947,1.049100637435913,0.48246508836746216,0.5084477,0.805608,-0.2371065616607666,1.080350637435913,0.47856348752975464,0.52359307,0.829605,-0.2058565616607666
1023_25-1.npz,1023_25,1023,1,20341,2.063340187072754,0.815605878829956,1.1875,1.3022470474243164,0.754291832447052,1.0008502006530762,1.675446629524231,4.236689376831065,26.014405632018953,190.3406405639637,3.1491149902344056,20.081766414642285,176.73513793945241,0.8730099269526128,1.0100185871124268,0.48050791025161743,0.48950657,0.77559674,-0.28788721561431885,1.0100185871124268,0.480511337518692,0.48950657,0.77559674,-0.28788721561431885
1023_25-2.npz,1023_25,1023,2,20341,2.063340187072754,0.815605878829956,1.1875,1.3022470474243164,0.754291832447052,1.0008502006530762,1.675446629524231,4.866507244110109,27.307903671264604,183.0041394042968,3.740376353263861,19.898079681396442,184.8487991333003,0.8763486255746318,0.996334433555603,0.4347958564758301,0.48287454,0.7650887,-0.2996065616607666,0.9963347911834717,0.4629388749599457,0.48287472,0.7650889,-0.29960620403289795
1023_25-3.npz,1023_25,1023,3,20341,2.063340187072754,0.815605878829956,1.1875,1.3022470474243164,0.754291832447052,1.0008502006530762,1.675446629524231,3.988448357582094,24.653305721282795,197.28293228149064,3.591953516006473,18.823606300353763,186.29038635253855,0.9020446980504042,0.9833797812461853,0.45447900891304016,0.47659606,0.7551407,-0.3145259618759155,1.0686116218566895,0.420678049325943,0.51790375,0.82059056,-0.2292940616607666
1023_25-4.npz,1023_25,1023,4,20341,2.063340187072754,0.815605878829956,1.1875,1.3022470474243164,0.754291832447052,1.0008502006530762,1.675446629524231,4.08537039756775,22.506220149993634,165.31792160034172,3.5383006811141984,19.150240707397312,147.82648803710802,0.9083969465648855,1.0061242580413818,0.48050791025161743,0.4876192,0.7726063,-0.28788721561431885,1.00203275680542,0.48251816630363464,0.48563623,0.76946443,-0.28788721561431885
1023_26-0.npz,1023_26,1023,0,19826,2.1572728157043457,0.8160918951034546,1.15625,1.412222146987915,0.7539199590682983,1.0372384786605835,1.788104772567749,14.737314510345488,47.39048213958732,207.77338943481342,9.529260921478306,33.13743324279777,199.04074707031242,0.7510068289266328,1.0861232280731201,0.5222609043121338,0.5034705,0.7690881,-0.32222962379455566,1.199395775794983,0.5293090343475342,0.55597776,0.8492968,-0.20895707607269287
1023_26-1.npz,1023_26,1023,1,19826,2.1572728157043457,0.8160918951034546,1.15625,1.412222146987915,0.7539199590682983,1.0372384786605835,1.788104772567749,14.69371337890627,44.98692741394039,228.965925598142,10.994792461395274,31.481184291839487,214.9879644775388,0.7863522686673812,1.0803155899047852,0.5293090343475342,0.5007784,0.76497567,-0.32222962379455566,1.084043025970459,0.5293090343475342,0.50250626,0.7676151,-0.32222962379455566
1023_26-2.npz,1023_26,1023,2,19826,2.1572728157043457,0.8160918951034546,1.15625,1.412222146987915,0.7539199590682983,1.0372384786605835,1.788104772567749,18.48610706329346,52.10221004486078,220.5839181518543,15.41170234680176,42.63514823913573,177.05152053832902,0.8234865061998541,1.0842480659484863,0.525425136089325,0.50260127,0.7677603,-0.3261101245880127,1.084213137626648,0.5273596048355103,0.50258505,0.76773554,-0.31833207607269287
1023_26-3.npz,1023_26,1023,3,19826,2.1572728157043457,0.8160918951034546,1.15625,1.412222146987915,0.7539199590682983,1.0372384786605835,1.788104772567749,19.228541183471695,48.20838680267322,196.84136047363097,15.71745653152466,44.3067424774169,197.40280059814341,0.8053800324968405,1.0861951112747192,0.5195471048355103,0.5035038,0.769139,-0.3241630792617798,1.0881285667419434,0.5214916467666626,0.5044001,0.77050805,-0.32222962379455566
1023_26-4.npz,1023_26,1023,4,19826,2.1572728157043457,0.8160918951034546,1.15625,1.412222146987915,0.7539199590682983,1.0372384786605835,1.788104772567749,17.179476356506395,46.33783683776851,153.47622940063454,12.37678737640381,32.947886657714825,103.51613563537587,0.7946877243359656,1.0764470100402832,0.5273596048355103,0.4989851,0.7622363,-0.3241630792617798,1.1447780132293701,0.5293090343475342,0.5306598,0.81062174,-0.25583207607269287
1024_1-0.npz,1024_1,1024,0,21383,2.09375,0.8156608939170837,1.21875,1.3151912689208984,0.7796338796615601,1.0431660413742065,1.7103548049926758,4.73091254234314,14.828983688354482,117.12308639526246,3.926480770111088,12.538411140441847,106.5937747192376,0.8456995201181248,1.5220202207565308,0.828125,0.726935,1.1572615,0.21152019500732422,1.6001452207565308,0.8085978627204895,0.7642485,1.2166635,0.2896451950073242
1024_1-1.npz,1024_1,1024,1,21383,2.09375,0.8156608939170837,1.21875,1.3151912689208984,0.7796338796615601,1.0431660413742065,1.7103548049926758,5.121293210983285,15.59087944030758,104.03512023925732,4.419751262664798,13.579019927978482,91.37867340087826,0.8759966232060782,1.4729279279708862,0.8203125,0.703488,1.1199344,0.16464519500732422,1.5977288484573364,0.828628659248352,0.76309437,1.2148262,0.2896451950073242
1024_1-2.npz,1024_1,1024,2,21383,2.09375,0.8156608939170837,1.21875,1.3151912689208984,0.7796338796615601,1.0431660413742065,1.7103548049926758,4.210718441009531,15.035657787322863,103.0756132507317,3.412261438369759,12.129565620422342,94.68270492553665,0.8537399202891834,1.6313952207565308,0.8290574550628662,0.77917385,1.2404243,0.3208951950073242,1.6313952207565308,0.8359375596046448,0.77917385,1.2404243,0.3208951950073242
1024_1-3.npz,1024_1,1024,3,21383,2.09375,0.8156608939170837,1.21875,1.3151912689208984,0.7796338796615601,1.0431660413742065,1.7103548049926758,6.201673793792739,18.037399101257304,104.19629646301253,5.322984743118288,16.035028266906668,82.07087753295866,0.8375597206909224,1.4688174724578857,0.8437500596046448,0.70152473,1.116809,0.16464519500732422,1.5957375764846802,0.84375,0.7621433,1.2133121,0.2896451950073242
1024_1-4.npz,1024_1,1024,4,21383,2.09375,0.8156608939170837,1.21875,1.3151912689208984,0.7796338796615601,1.0431660413742065,1.7103548049926758,5.965568351745613,17.714690303802435,101.20712249755756,4.447654724121103,14.197388076782225,89.56463111877422,0.8018018018018018,1.4729279279708862,0.8281250596046448,0.703488,1.1199344,0.16464519500732422,1.4751452207565308,0.8125000596046448,0.704547,1.1216203,0.16464519500732422
1024_10-0.npz,1024_10,1024,0,16258,2.1259374618530273,0.8448281288146973,1.28125,1.3541805744171143,0.8475059866905212,0.9725005626678467,1.7307353019714355,43.69915695190431,150.66349868774407,392.02900573730415,37.59987030029309,124.99328880310048,373.6725411987299,0.8656716417910447,1.6465121507644653,0.8680016994476318,0.77448756,1.2158734,0.3014521598815918,1.6485087871551514,0.8710927963256836,0.77542675,1.2173479,0.3014521598815918
1024_10-1.npz,1024_10,1024,1,16258,2.1259374618530273,0.8448281288146973,1.28125,1.3541805744171143,0.8475059866905212,0.9725005626678467,1.7307353019714355,60.128945922851656,170.92275314331033,423.5028607177732,43.5325195312501,136.4589027404783,364.1509680175774,0.8294914013904134,1.5255060195922852,0.878911018371582,0.71756864,1.126516,0.17645204067230225,1.6036310195922852,0.878911018371582,0.7543171,1.1842077,0.25457704067230225
1024_10-2.npz,1024_10,1024,2,16258,2.1259374618530273,0.8448281288146973,1.28125,1.3541805744171143,0.8475059866905212,0.9725005626678467,1.7307353019714355,39.15443000793466,124.91004638671855,361.85439025878884,30.184971427917553,104.6804008483886,366.17982055664055,0.8188432157148053,1.6505060195922852,0.8632862567901611,0.77636623,1.2188227,0.3014521598815918,1.6505060195922852,0.8632877469062805,0.77636623,1.2188227,0.3014521598815918
1024_10-3.npz,1024_10,1024,3,16258,2.1259374618530273,0.8448281288146973,1.28125,1.3541805744171143,0.8475059866905212,0.9725005626678467,1.7307353019714355,41.58460388183605,174.9773719787596,422.7238647460928,36.227556228637724,156.5429397583005,399.9200332641589,0.8649757553151809,1.633026361465454,0.8672540783882141,0.76814413,1.2059147,0.2858271598815918,1.648651361465454,0.8718750476837158,0.7754938,1.2174531,0.3014521598815918
1024_10-4.npz,1024_10,1024,4,16258,2.1259374618530273,0.8448281288146973,1.28125,1.3541805744171143,0.8475059866905212,0.9725005626678467,1.7307353019714355,45.276129150390766,165.4858245849609,445.67429809570257,35.98918342590339,144.47121734619097,467.51351745605456,0.8558040270947388,1.6348810195922852,0.8671925067901611,0.7690165,1.2072843,0.2858271598815918,1.6505060195922852,0.8750050067901611,0.77636623,1.2188227,0.3014521598815918
1024_11-0.npz,1024_11,1024,0,21754,2.0637471675872803,0.8158271908760071,1.15625,1.306087613105774,0.7329778671264648,1.0017421245574951,1.6997449398040771,29.360184288024943,86.66036643981909,307.56415435791007,18.991622352600107,72.32254295349097,321.78549560546793,0.7278617710583153,1.4162936210632324,0.7548129558563232,0.68627286,1.0843787,0.11400222778320312,1.416107177734375,0.7590236663818359,0.6861825,1.084236,0.11400222778320312
1024_11-1.npz,1024_11,1024,1,21754,2.0637471675872803,0.8158271908760071,1.15625,1.306087613105774,0.7329778671264648,1.0017421245574951,1.6997449398040771,35.596672058105504,106.01057319641092,337.5527938842761,24.569344329834088,82.350235748291,298.6269830322261,0.8031013342949874,1.4123433828353882,0.762702465057373,0.6843587,1.0813543,0.11400222778320312,1.412153720855713,0.7661813497543335,0.6842668,1.0812091,0.11400222778320312
1024_11-2.npz,1024_11,1024,2,21754,2.0637471675872803,0.8158271908760071,1.15625,1.306087613105774,0.7329778671264648,1.0017421245574951,1.6997449398040771,29.989479446411202,104.09840202331539,341.3475827026367,25.108327865600593,87.1940105438232,317.3168725585929,0.8336847895846704,1.416257381439209,0.7700350284576416,0.6862553,1.084351,0.11400222778320312,1.416107177734375,0.7702881097793579,0.6861825,1.084236,0.11400222778320312
1024_11-3.npz,1024_11,1024,3,21754,2.0637471675872803,0.8158271908760071,1.15625,1.306087613105774,0.7329778671264648,1.0017421245574951,1.6997449398040771,33.187127685546976,90.58626480102532,289.7119308471676,24.924547195434634,72.33157386779737,282.8136041259758,0.7374685083832856,1.416107177734375,0.7507400512695312,0.6861825,1.084236,0.11400222778320312,1.416257381439209,0.7583994269371033,0.6862553,1.084351,0.11400222778320312
1024_11-4.npz,1024_11,1024,4,21754,2.0637471675872803,0.8158271908760071,1.15625,1.306087613105774,0.7329778671264648,1.0017421245574951,1.6997449398040771,24.098617553711076,84.67182273864726,274.2539752197252,18.727937126159674,57.37381191253658,219.30372192382723,0.8188432157148053,1.4142314195632935,0.7586303949356079,0.6852736,1.0827998,0.11400222778320312,1.5039355754852295,0.7664579749107361,0.7287402,1.1514814,0.20775222778320312
1024_12-0.npz,1024_12,1024,0,19122,2.094038963317871,0.8150658011436462,1.15625,1.3276524543762207,0.6961989998817444,0.9990530610084534,1.7131719589233398,16.118815231323257,75.73165016174303,262.5450689697263,12.845484828948976,54.01656608581534,231.08080261230467,0.8412815319462346,1.4689445495605469,0.7421879768371582,0.7014886,1.1064225,0.1464918851852417,1.5492076873779297,0.7421879768371582,0.739818,1.1668774,0.2246168851852417
1024_12-1.npz,1024_12,1024,1,19122,2.094038963317871,0.8150658011436462,1.15625,1.3276524543762207,0.6961989998817444,0.9990530610084534,1.7131719589233398,17.38774013519289,67.82216682434074,236.768544769284,15.081828689575216,61.467036056518346,201.36211776733376,0.862370798025887,1.4689445495605469,0.7285213470458984,0.7014886,1.1064225,0.1464918851852417,1.4669840335845947,0.7343754768371582,0.7005524,1.1049458,0.1464918851852417
1024_12-2.npz,1024_12,1024,2,19122,2.094038963317871,0.8150658011436462,1.15625,1.3276524543762207,0.6961989998817444,0.9990530610084534,1.7131719589233398,14.576973915100105,66.44976501464747,250.17184341430658,12.2105118751526,52.17524852752654,246.48766052246017,0.852366398073539,1.4710826873779297,0.7187579274177551,0.7025097,1.108033,0.1464918851852417,1.4711036682128906,0.7285213470458984,0.7025197,1.1080488,0.1464918851852417
1024_12-3.npz,1024_12,1024,3,19122,2.094038963317871,0.8150658011436462,1.15625,1.3276524543762207,0.6961989998817444,0.9990530610084534,1.7131719589233398,16.50097427368165,66.9169239044189,265.64020965576094,16.548535728454603,63.33343639373752,284.04093109130855,0.8917896329928112,1.4669840335845947,0.7265629768371582,0.7005524,1.1049458,0.1464918851852417,1.4691355228424072,0.734375536441803,0.70157987,1.1065663,0.1464918851852417
1024_12-4.npz,1024_12,1024,4,19122,2.094038963317871,0.8150658011436462,1.15625,1.3276524543762207,0.6961989998817444,0.9990530610084534,1.7131719589233398,16.56204833984378,69.17109298706046,269.3698339843743,12.130059242248537,58.69132289886444,284.1487240600581,0.8086453246518358,1.4669840335845947,0.7343754768371582,0.7005524,1.1049458,0.1464918851852417,1.5450398921966553,0.7421879768371582,0.73782766,1.1637383,0.2246168851852417
1024_14-0.npz,1024_14,1024,0,23247,1.9380149841308594,0.8153438568115234,1.21875,1.1933107376098633,0.8088664412498474,0.9544206261634827,1.5807256698608398,25.99402809143069,75.8474143981932,259.4217672729481,18.41164474487307,58.365315628051704,212.86483886718747,0.7838030681412772,1.3925528526306152,0.8359381556510925,0.718546,1.1669658,0.20103931427001953,1.404665231704712,0.8359741568565369,0.7247959,1.177116,0.21666431427001953
1024_14-1.npz,1024_14,1024,1,23247,1.9380149841308594,0.8153438568115234,1.21875,1.1933107376098633,0.8088664412498474,0.9544206261634827,1.5807256698608398,24.08105201721194,82.1440727233885,294.463028869627,19.553302574157723,68.00661163330068,249.1895791625975,0.8075011296882061,1.389040231704712,0.8438626527786255,0.71673346,1.1640222,0.20103931427001953,1.4379723072052002,0.8366943597793579,0.74198204,1.2050276,0.24791431427001953
1024_14-2.npz,1024_14,1024,2,23247,1.9380149841308594,0.8153438568115234,1.21875,1.1933107376098633,0.8088664412498474,0.9544206261634827,1.5807256698608398,29.897994613647487,82.98672027587867,269.46157623291003,21.191435241699228,59.671414375304906,236.56271453857187,0.7678776628657297,1.3769278526306152,0.829027533531189,0.7104836,1.153872,0.18541431427001953,1.3925528526306152,0.8359380960464478,0.718546,1.1669658,0.20103931427001953
1024_14-3.npz,1024_14,1024,3,23247,1.9380149841308594,0.8153438568115234,1.21875,1.1933107376098633,0.8088664412498474,0.9544206261634827,1.5807256698608398,28.937808418273967,91.9012413024901,342.01069641113247,19.5686456680298,74.56176376342748,317.21494140625,0.7522340984755563,1.3769278526306152,0.8203204870223999,0.7104836,1.153872,0.18541431427001953,1.3925528526306152,0.8281326293945312,0.718546,1.1669658,0.20103931427001953
1024_14-4.npz,1024_14,1024,4,23247,1.9380149841308594,0.8153438568115234,1.21875,1.1933107376098633,0.8088664412498474,0.9544206261634827,1.5807256698608398,33.235855865478534,105.70281448364231,381.3413604736326,26.681706619262698,84.324244689941,377.2691601562489,0.784121320249777,1.4706778526306152,0.8359741568565369,0.75885785,1.232435,0.27916431427001953,1.467165231704712,0.8369920253753662,0.7570453,1.2294914,0.27916431427001953
1024_15-0.npz,1024_15,1024,0,20066,1.938478708267212,0.8156554698944092,1.21875,1.1563737392425537,0.7616449594497681,0.9564887285232544,1.5546984672546387,7.424299240112309,29.962306785583344,178.40456314086794,6.208265495300293,27.083296108245648,179.49517349243095,0.8665422305179654,1.437699794769287,0.7929784059524536,0.74166393,1.243283,0.29003024101257324,1.4708037376403809,0.7929782867431641,0.75874126,1.2719103,0.32128024101257324
1024_15-1.npz,1024_15,1024,1,20066,1.938478708267212,0.8156554698944092,1.21875,1.1563737392425537,0.7616449594497681,0.9564887285232544,1.5546984672546387,6.028013467788706,29.932041072845408,165.84261489868163,5.566111707687397,26.822116279601936,161.7789001464825,0.9027685282085435,1.4611449241638184,0.8007909059524536,0.75375855,1.2635577,0.32128024101257324,1.4570319652557373,0.8046875,0.7516368,1.260001,0.32128024101257324
1024_15-2.npz,1024_15,1024,2,20066,1.938478708267212,0.8156554698944092,1.21875,1.1563737392425537,0.7616449594497681,0.9564887285232544,1.5546984672546387,7.043792057037368,32.459842300414934,206.81017700195298,5.218368101119998,24.228739166259757,150.02050292968596,0.8301610541727672,1.468949794769287,0.8242284059524536,0.75778484,1.2703071,0.32128024101257324,1.4652442932128906,0.8359389305114746,0.7558733,1.2671027,0.32128024101257324
1024_15-3.npz,1024_15,1024,3,20066,1.938478708267212,0.8156554698944092,1.21875,1.1563737392425537,0.7616449594497681,0.9564887285232544,1.5546984672546387,6.24616923332215,32.84971275329587,167.02469726562407,5.515043115615855,27.172503662109342,149.442938079834,0.8835938971557732,1.4708688259124756,0.8086034059524536,0.7587748,1.2719667,0.32128024101257324,1.4692039489746094,0.8203128576278687,0.757916,1.2705269,0.32128024101257324
1024_15-4.npz,1024_15,1024,4,20066,1.938478708267212,0.8156554698944092,1.21875,1.1563737392425537,0.7616449594497681,0.9564887285232544,1.5546984672546387,9.377628517150905,39.54871177673332,177.5545518493652,7.362867832183838,31.388412380218394,153.9199546813943,0.8756447528838038,1.4239287376403809,0.8047454357147217,0.7345599,1.2313741,0.27440524101257324,1.4688507318496704,0.8086034059524536,0.75773376,1.2702215,0.32128024101257324
1024_16-0.npz,1024_16,1024,0,8297,1.219167947769165,0.814176082611084,1.15625,0.47086483240127563,0.49821165204048157,0.595032811164856,0.8476526737213135,0.17339068055153029,2.1546634793281507,144.52457550048737,0.14544486701488496,1.853315198421452,115.85757751464824,0.9508388607101054,0.8380684852600098,0.5097757577896118,0.6874102,1.7798494,0.37151527404785156,0.8380684852600098,0.5097757577896118,0.6874102,1.7798494,0.37151527404785156
1024_16-1.npz,1024_16,1024,1,8297,1.219167947769165,0.814176082611084,1.15625,0.47086483240127563,0.49821165204048157,0.595032811164856,0.8476526737213135,0.17273400574922596,2.135855996608721,141.11849822997956,0.14658542722463638,1.8554591655731167,117.54196189880336,0.9542700801250733,0.8380684852600098,0.5097757577896118,0.6874102,1.7798494,0.37151527404785156,0.8380684852600098,0.5097757577896118,0.6874102,1.7798494,0.37151527404785156
1024_16-2.npz,1024_16,1024,2,8297,1.219167947769165,0.814176082611084,1.15625,0.47086483240127563,0.49821165204048157,0.595032811164856,0.8476526737213135,0.17103192806243928,2.095868754386893,132.45714004516492,0.13419887721538568,1.691106313467019,96.68910942077632,0.936108422071636,0.8380684852600098,0.5097757577896118,0.6874102,1.7798494,0.37151527404785156,0.8380684852600098,0.5097757577896118,0.6874102,1.7798494,0.37151527404785156
1024_16-3.npz,1024_16,1024,3,8297,1.219167947769165,0.814176082611084,1.15625,0.47086483240127563,0.49821165204048157,0.595032811164856,0.8476526737213135,0.17061195671558405,2.110805737972221,137.13156402587657,0.16936776787042623,2.1008485436439397,144.48322555541966,0.967922857423989,0.8380684852600098,0.5078141093254089,0.6874102,1.7798494,0.37151527404785156,0.8380684852600098,0.5078141093254089,0.6874102,1.7798494,0.37151527404785156
1024_16-4.npz,1024_16,1024,4,8297,1.219167947769165,0.814176082611084,1.15625,0.47086483240127563,0.49821165204048157,0.595032811164856,0.8476526737213135,0.16478269845247356,2.0496521949768014,130.6815002441406,0.15941539555788117,1.9070909738540451,112.35692581176706,0.9745285813012143,0.8380684852600098,0.5097757577896118,0.6874102,1.7798494,0.37151527404785156,0.8380684852600098,0.5097699165344238,0.6874102,1.7798494,0.37151527404785156
1024_17-0.npz,1024_17,1024,0,21275,1.9386136531829834,0.8147778511047363,1.1875,1.1716930866241455,0.7834701538085938,0.9287061095237732,1.5462071895599365,14.011130332946786,55.72060432434047,293.0464617919918,12.5104602813721,53.1016714096065,336.5480889892571,0.8819986826009222,1.336323618888855,0.8125017881393433,0.6893192,1.1405065,0.17365646362304688,1.336323618888855,0.8203142881393433,0.6893192,1.1405065,0.17365646362304688
1024_17-1.npz,1024_17,1024,1,21275,1.9386136531829834,0.8147778511047363,1.1875,1.1716930866241455,0.7834701538085938,0.9287061095237732,1.5462071895599365,18.248510932922425,73.94278182983368,329.5759869384756,15.163190841674806,53.10660076141356,349.17975952148436,0.8521948508983145,1.2777189016342163,0.8054424524307251,0.65908897,1.0904894,0.11115646362304688,1.3399105072021484,0.8125016689300537,0.69116944,1.1435678,0.17365646362304688
1024_17-2.npz,1024_17,1024,2,21275,1.9386136531829834,0.8147778511047363,1.1875,1.1716930866241455,0.7834701538085938,0.9287061095237732,1.5462071895599365,13.133088874816899,71.03056755065916,328.45495025634705,11.215588665008552,52.7854761123655,281.1974758911129,0.8608113137327875,1.3402189016342163,0.8125017881393433,0.6913285,1.143831,0.17365646362304688,1.3379402160644531,0.8056118488311768,0.6901531,1.1418862,0.17365646362304688
1024_17-3.npz,1024_17,1024,3,21275,1.9386136531829834,0.8147778511047363,1.1875,1.1716930866241455,0.7834701538085938,0.9287061095237732,1.5462071895599365,12.729091930389432,64.40428123474096,256.6656030273437,11.703784561157228,54.72943992614731,253.1743090820311,0.8919685933213508,1.3402189016342163,0.8125017881393433,0.6913285,1.143831,0.17365646362304688,1.3399105072021484,0.8125017881393433,0.69116944,1.1435678,0.17365646362304688
1024_17-4.npz,1024_17,1024,4,21275,1.9386136531829834,0.8147778511047363,1.1875,1.1716930866241455,0.7834701538085938,0.9287061095237732,1.5462071895599365,15.96802558898928,63.035550880431316,298.23705535888666,12.895553302764908,54.9972000122069,290.6757632446285,0.864454181038501,1.3402189016342163,0.8125017881393433,0.6913285,1.143831,0.17365646362304688,1.3402189016342163,0.8125017881393433,0.6913285,1.143831,0.17365646362304688
1024_18-0.npz,1024_18,1024,0,18137,2.1573715209960938,0.8152487277984619,1.15625,1.3814387321472168,0.7596757411956787,1.0379341840744019,1.7726435661315918,22.019308471679718,47.895539474487244,169.26541351318315,16.17375583648682,39.8778959274292,157.3751510620114,0.7098401299478498,1.4785172939300537,0.7773430347442627,0.6853327,1.0702735,0.1191028356552124,1.4785172939300537,0.7755294442176819,0.6853327,1.0702735,0.1191028356552124
1024_18-1.npz,1024_18,1024,1,18137,2.1573715209960938,0.8152487277984619,1.15625,1.3814387321472168,0.7596757411956787,1.0379341840744019,1.7726435661315918,27.360230636596693,62.66638908386218,166.57730590820248,17.324112319946305,46.2036966323851,140.61719467163076,0.6740604335816524,1.494423508644104,0.7753922939300537,0.6927057,1.0817877,0.1191028356552124,1.4943208694458008,0.7773430347442627,0.6926581,1.0817134,0.1191028356552124
1024_18-2.npz,1024_18,1024,2,18137,2.1573715209960938,0.8152487277984619,1.15625,1.3814387321472168,0.7596757411956787,1.0379341840744019,1.7726435661315918,19.541314315795912,46.08201999664305,162.3219252014157,15.472052574157726,38.90704040527329,145.46598693847653,0.8027762754642149,1.484375238418579,0.779296875,0.68804806,1.074514,0.1191028356552124,1.486331582069397,0.7773430347442627,0.68895483,1.0759301,0.1191028356552124
1024_18-3.npz,1024_18,1024,3,18137,2.1573715209960938,0.8152487277984619,1.15625,1.3814387321472168,0.7596757411956787,1.0379341840744019,1.7726435661315918,22.18563404083253,50.383841896057085,213.10863021850582,16.1776035308838,43.51052761077878,221.46087036132752,0.661405549094534,1.4942984580993652,0.7754111289978027,0.6926477,1.0816972,0.1191028356552124,1.5255484580993652,0.7793031334877014,0.70713294,1.1043186,0.1503528356552124
1024_18-4.npz,1024_18,1024,4,18137,2.1573715209960938,0.8152487277984619,1.15625,1.3814387321472168,0.7596757411956787,1.0379341840744019,1.7726435661315918,26.324323463439946,67.0412014007567,240.2561968994137,19.815701293945345,53.36598052978498,224.09737319946285,0.7488632388947184,1.4984326362609863,0.7773391008377075,0.69456404,1.0846899,0.1191028356552124,1.478798508644104,0.7755294442176819,0.6854631,1.0704771,0.1034778356552124
1024_19-0.npz,1024_19,1024,0,17269,1.7509806156158447,0.815780520439148,0.84375,1.000810146331787,0.41808292269706726,0.8146738409996033,1.3871883153915405,30.897358512878498,91.28888854980448,229.61440917968693,21.136133193969744,63.209661483764606,197.46127380371075,0.7320516151381311,0.8654656410217285,0.34582728147506714,0.49427482,0.86476505,-0.12440884113311768,0.8946940898895264,0.357482373714447,0.51096743,0.89396983,-0.09518039226531982
1024_19-1.npz,1024_19,1024,1,17269,1.7509806156158447,0.815780520439148,0.84375,1.000810146331787,0.41808292269706726,0.8146738409996033,1.3871883153915405,29.21279869079595,80.92342796325669,239.99371582031247,22.87174777984621,69.21703567504869,212.64836914062496,0.7988846914912754,0.8732383251190186,0.35367551445961,0.49871388,0.8725315,-0.11663615703582764,0.8848376274108887,0.3555031418800354,0.5053383,0.88412136,-0.10298669338226318
1024_19-2.npz,1024_19,1024,2,17269,1.7509806156158447,0.815780520439148,0.84375,1.000810146331787,0.41808292269706726,0.8146738409996033,1.3871883153915405,28.261895179748592,75.83200187683097,216.77187362670864,20.857712745666532,55.329433441162045,218.6269694519042,0.7207261464337951,0.8828917145729065,0.3496699035167694,0.504227,0.882177,-0.10298669338226318,0.8925989270210266,0.3574824035167694,0.5097709,0.8918764,-0.0951770544052124
1024_19-3.npz,1024_19,1024,3,17269,1.7509806156158447,0.815780520439148,0.84375,1.000810146331787,0.41808292269706726,0.8146738409996033,1.3871883153915405,27.559066581726107,71.92793464660636,220.00205017089826,22.289385414123537,60.39887428283689,202.70566940307458,0.789228842368939,0.8711391091346741,0.339878112077713,0.497515,0.8704339,-0.11663615703582764,0.8732725381851196,0.341857373714447,0.4987334,0.8725656,-0.11660194396972656
1024_19-4.npz,1024_19,1024,4,17269,1.7509806156158447,0.815780520439148,0.84375,1.000810146331787,0.41808292269706726,0.8146738409996033,1.3871883153915405,22.348983955383307,72.02089729309063,220.9889630126953,16.03053874969487,57.448379325866696,215.8646281433102,0.8273184102329831,0.886887788772583,0.3574824035167694,0.5065092,0.88616985,-0.10298669338226318,1.1661667823791504,0.3496699035167694,0.6660078,1.1652228,0.1762923002243042
1024_21-0.npz,1024_21,1024,0,9403,1.25,0.8142123222351074,1.21875,0.48270106315612793,0.5687237977981567,0.6471619606018066,0.8807345628738403,8.30984306335451,65.01690673828104,404.845793457031,8.456757354736341,71.07505950927707,480.1840411376915,0.9193857965451055,0.7837650775909424,0.5500271916389465,0.6270121,1.6237069,0.30676543712615967,0.7837650775909424,0.5499361753463745,0.6270121,1.6237069,0.30676543712615967
1024_21-1.npz,1024_21,1024,1,9403,1.25,0.8142123222351074,1.21875,0.48270106315612793,0.5687237977981567,0.6471619606018066,0.8807345628738403,7.998506259918258,55.4537261962887,504.22173004150324,8.20509748458865,53.6600341796874,546.5066662597626,0.9282684149633629,0.7837650775909424,0.5538667440414429,0.6270121,1.6237069,0.30676543712615967,0.7837650775909424,0.5538667440414429,0.6270121,1.6237069,0.30676543712615967
1024_21-2.npz,1024_21,1024,2,9403,1.25,0.8142123222351074,1.21875,0.48270106315612793,0.5687237977981567,0.6471619606018066,0.8807345628738403,6.364555835723885,38.075141906737784,215.15238189697223,5.593168878555298,31.013529682159405,198.52629043579094,0.884303749764462,0.8478149175643921,0.5502915382385254,0.6782519,1.7563975,0.36926543712615967,0.7853149175643921,0.5546989440917969,0.6282519,1.6269177,0.30676543712615967
1024_21-3.npz,1024_21,1024,3,9403,1.25,0.8142123222351074,1.21875,0.48270106315612793,0.5687237977981567,0.6471619606018066,0.8807345628738403,6.083733463287359,38.85527667999262,195.00062530517565,4.802014112472545,28.441824913024856,168.61214218139568,0.8740629685157422,0.7837650775909424,0.5507925152778625,0.6270121,1.6237069,0.30676543712615967,0.8481115698814392,0.5507925152778625,0.67848927,1.757012,0.36926543712615967
1024_21-4.npz,1024_21,1024,4,9403,1.25,0.8142123222351074,1.21875,0.48270106315612793,0.5687237977981567,0.6471619606018066,0.8807345628738403,5.25511193275452,32.54364318847651,214.79171936035058,5.309367322921765,32.587650680541884,230.06661331176744,0.912594434350196,0.7856115698814392,0.5516879558563232,0.62848926,1.6275322,0.30676543712615967,0.7856115698814392,0.5555770397186279,0.62848926,1.6275322,0.30676543712615967
1024_23-0.npz,1024_23,1024,0,18869,2.0637707710266113,0.8160240650177002,1.25,1.3099215030670166,0.8621728420257568,0.939181923866272,1.685899257659912,49.454189682006856,124.13935203552245,305.5843148803709,37.17069320678712,99.96410789489723,267.2619491577134,0.7459624618070712,1.5705819129943848,0.8741661310195923,0.76102537,1.1989894,0.2684965133666992,1.5865355730056763,0.8778117895126343,0.76875573,1.2111684,0.2841215133666992
1024_23-1.npz,1024_23,1024,1,18869,2.0637707710266113,0.8160240650177002,1.25,1.3099215030670166,0.8621728420257568,0.939181923866272,1.685899257659912,41.28968353271486,122.95268249511685,342.74997558593617,32.85095863342287,99.7227222442622,285.3635592651358,0.8096272167933406,1.4924569129943848,0.8783541917800903,0.7231699,1.1393484,0.19037151336669922,1.5586552619934082,0.8783541917800903,0.7552463,1.1898844,0.2528715133666992
1024_23-2.npz,1024_23,1024,2,18869,2.0637707710266113,0.8160240650177002,1.25,1.3099215030670166,0.8621728420257568,0.939181923866272,1.685899257659912,42.70143966674821,130.0630867004389,337.24963195800746,35.176856994628906,107.88015594482385,306.73212005615176,0.863411907202087,1.5881567001342773,0.8840436935424805,0.7695412,1.212406,0.2841215133666992,1.5881620645523071,0.8801127672195435,0.7695438,1.2124101,0.2841215133666992
1024_23-3.npz,1024_23,1024,3,18869,2.0637707710266113,0.8160240650177002,1.25,1.3099215030670166,0.8621728420257568,0.939181923866272,1.685899257659912,38.88864974975588,101.46802215576172,325.2734954833974,33.46406135559084,99.80800933837888,331.333919677734,0.8198362147406734,1.5371739864349365,0.883995771408081,0.7448376,1.1734855,0.23724651336669922,1.5489356517791748,0.8840528726577759,0.7505367,1.1824645,0.2528715133666992
1024_23-4.npz,1024_23,1024,4,18869,2.0637707710266113,0.8160240650177002,1.25,1.3099215030670166,0.8621728420257568,0.939181923866272,1.685899257659912,43.960935592651374,128.69736633300775,371.7578442382811,33.032908630371146,109.28789215087885,362.79068878173473,0.8018018018018018,1.5881620645523071,0.8800690174102783,0.7695438,1.2124101,0.2841215133666992,1.5900157690048218,0.8839999437332153,0.77044207,1.2138252,0.2841215133666992
1024_24-0.npz,1024_24,1024,0,19089,2.126194953918457,0.816136360168457,1.15625,1.3507064580917358,0.7456790208816528,1.0156943798065186,1.7403101921081543,25.41202774047856,66.39469757080072,235.3194676208496,18.318778419494627,52.66556301116936,194.597900848388,0.7397355601948504,1.4277524948120117,0.763022243976593,0.6715059,1.0570413,0.08900976181030273,1.4199399948120117,0.7630308270454407,0.66783154,1.0512573,0.08119726181030273
1024_24-1.npz,1024_24,1024,1,19089,2.126194953918457,0.816136360168457,1.15625,1.3507064580917358,0.7456790208816528,1.0156943798065186,1.7403101921081543,23.238617324829107,51.6908491134643,178.7001782226558,18.511862564086922,43.112261962890486,164.02433471679677,0.735357917570499,1.4590624570846558,0.7630308270454407,0.68623173,1.0802218,0.11244726181030273,1.4590624570846558,0.763128399848938,0.68623173,1.0802218,0.11244726181030273
1024_24-2.npz,1024_24,1024,2,19089,2.126194953918457,0.816136360168457,1.15625,1.3507064580917358,0.7456790208816528,1.0156943798065186,1.7403101921081543,27.749778938293524,60.1299428939819,157.56602035522454,14.002691459655763,36.39676246643055,114.83896850585923,0.6385384237260364,1.4376599788665771,0.7630308270454407,0.67616564,1.0643764,0.08900976181030273,1.4534633159637451,0.763022243976593,0.68359834,1.0760764,0.11244726181030273
1024_24-3.npz,1024_24,1024,3,19089,2.126194953918457,0.816136360168457,1.15625,1.3507064580917358,0.7456790208816528,1.0156943798065186,1.7403101921081543,22.939663696289063,63.27806377410878,231.64037078857396,14.862581443786631,47.49791107177734,179.87112823486189,0.7644464049404499,1.4534633159637451,0.763128399848938,0.68359834,1.0760764,0.11244726181030273,1.4300258159637451,0.763128399848938,0.6725751,1.0587244,0.08900976181030273
1024_24-4.npz,1024_24,1024,4,19089,2.126194953918457,0.816136360168457,1.15625,1.3507064580917358,0.7456790208816528,1.0156943798065186,1.7403101921081543,24.87139320373535,64.89614105224585,176.044729156494,16.307897949218756,45.87800064086912,157.07213470458944,0.6952025767079166,1.4610520601272583,0.759128212928772,0.68716747,1.0816947,0.11244726181030273,1.4687912464141846,0.7630308270454407,0.6908074,1.0874245,0.12025976181030273
1024_25-0.npz,1024_25,1024,0,17754,2.0009002685546875,0.8159722685813904,1.09375,1.2167656421661377,0.6479387283325195,0.9024141430854797,1.6081302165985107,34.51202239990236,104.87131767272906,334.42401794433584,22.705266761779814,79.26356048583963,284.7445068359359,0.7409470752089137,0.8621551394462585,0.36591455340385437,0.43088362,0.708563,-0.3506190776824951,0.8792891502380371,0.37305015325546265,0.43944678,0.7226446,-0.33543336391448975
1024_25-1.npz,1024_25,1024,1,17754,2.0009002685546875,0.8159722685813904,1.09375,1.2167656421661377,0.6479387283325195,0.9024141430854797,1.6081302165985107,39.70555801391605,96.77157897949208,304.5302957153318,27.887380981445332,72.26231002807562,257.573223876953,0.6909029421711194,0.8621551394462585,0.3581658601760864,0.43088362,0.708563,-0.3506190776824951,0.87548828125,0.36523765325546265,0.43754718,0.71952087,-0.33543336391448975
1024_25-2.npz,1024_25,1024,2,17754,2.0009002685546875,0.8159722685813904,1.09375,1.2167656421661377,0.6479387283325195,0.9024141430854797,1.6081302165985107,43.17713851928711,98.79385070800777,330.98227233886587,29.714729118347186,76.34093360900863,327.65911529540847,0.695633743111488,0.8603025674819946,0.35069018602371216,0.42995775,0.7070405,-0.3506190776824951,0.87548828125,0.3507428467273712,0.43754718,0.71952087,-0.33543336391448975
1024_25-3.npz,1024_25,1024,3,17754,2.0009002685546875,0.8159722685813904,1.09375,1.2167656421661377,0.6479387283325195,0.9024141430854797,1.6081302165985107,39.02078285217287,101.94038848876932,291.12535980224555,29.93677177429204,75.02256927490225,237.4997590637204,0.7323516673884799,0.8621551394462585,0.3543793559074402,0.43088362,0.708563,-0.3506190776824951,0.8694443702697754,0.3543793559074402,0.4345266,0.71455365,-0.3413257598876953
1024_25-4.npz,1024_25,1024,4,17754,2.0009002685546875,0.8159722685813904,1.09375,1.2167656421661377,0.6479387283325195,0.9024141430854797,1.6081302165985107,45.98799972534184,116.6846481323239,294.91590698242123,31.80711135864258,77.64306411743148,292.28542419433285,0.6929067208396817,0.8485912680625916,0.35833868384361267,0.42410472,0.69741553,-0.3641829490661621,0.8733400702476501,0.36523762345314026,0.43647358,0.7177554,-0.3394341468811035
1025_1-0.npz,1025_1,1025,0,17512,1.907069444656372,0.8147029876708984,1.15625,1.141495704650879,0.7178356647491455,0.8792868852615356,1.5131266117095947,29.123266029357964,74.7357440948484,249.07533721923792,23.440974235534686,63.021462631225305,238.28745315551654,0.7758835020422661,1.242339015007019,0.738282322883606,0.6514388,1.0883431,0.11269283294677734,1.244398593902588,0.7355660200119019,0.65251875,1.0901474,0.11269283294677734
1025_1-1.npz,1025_1,1025,1,17512,1.907069444656372,0.8147029876708984,1.15625,1.141495704650879,0.7178356647491455,0.8792868852615356,1.5131266117095947,29.16494331359872,88.90937347412037,281.1151818847643,24.379982948303226,63.263210678100585,228.26093063354466,0.7861927301955881,1.2481486797332764,0.74339759349823,0.65448517,1.0934327,0.11269283294677734,1.244295358657837,0.7500460147857666,0.6524646,1.090057,0.11269283294677734
1025_1-2.npz,1025_1,1025,2,17512,1.907069444656372,0.8147029876708984,1.15625,1.141495704650879,0.7178356647491455,0.8792868852615356,1.5131266117095947,33.27551307678225,84.2096015930175,274.2607998657226,24.635514259338404,67.10820274353001,212.595009307861,0.7044486108743822,1.2462687492370605,0.737451434135437,0.6534994,1.0917858,0.11269283294677734,1.2462687492370605,0.737451434135437,0.6534994,1.0917858,0.11269283294677734
1025_1-3.npz,1025_1,1025,3,17512,1.907069444656372,0.8147029876708984,1.15625,1.141495704650879,0.7178356647491455,0.8792868852615356,1.5131266117095947,25.865477371215864,81.55129089355458,236.0524841308574,19.706877517700214,57.93311233520507,219.08625396728368,0.8065215427693975,1.2462687492370605,0.7403309345245361,0.6534994,1.0917858,0.11269283294677734,1.2442553043365479,0.7460955381393433,0.65244365,1.0900218,0.11269283294677734
1025_1-4.npz,1025_1,1025,4,17512,1.907069444656372,0.8147029876708984,1.15625,1.141495704650879,0.7178356647491455,0.8792868852615356,1.5131266117095947,32.06325035095216,83.43893394470113,269.16354125976545,23.705412673950228,63.773992156982416,228.00160888671869,0.7355085039916696,1.2520771026611328,0.7403309345245361,0.6565451,1.0968741,0.11269283294677734,1.2520771026611328,0.7421875,0.6565451,1.0968741,0.11269283294677734
1025_10-0.npz,1025_10,1025,0,20435,1.8753973245620728,0.8168447613716125,1.1875,1.1273568868637085,0.762754499912262,0.915108859539032,1.4965344667434692,16.469591331481958,50.482938957213435,217.71606582641584,13.70131435394288,42.79109058380113,200.23256347656235,0.8681113394358304,1.293120265007019,0.7890716791152954,0.68951803,1.1470371,0.17573785781860352,1.2912635803222656,0.7910248041152954,0.688528,1.1453903,0.17573785781860352
1025_10-1.npz,1025_10,1025,1,20435,1.8753973245620728,0.8168447613716125,1.1875,1.1273568868637085,0.762754499912262,0.915108859539032,1.4965344667434692,13.766531085968028,44.69127025604226,186.26939468383767,10.35622510910036,34.89111976623534,178.06516342162857,0.8431480969495899,1.287400722503662,0.7890716791152954,0.68646824,1.1419637,0.17573785781860352,1.3828827142715454,0.7910248637199402,0.7373812,1.2266592,0.2694878578186035
1025_10-2.npz,1025_10,1025,2,20435,1.8753973245620728,0.8168447613716125,1.1875,1.1273568868637085,0.762754499912262,0.915108859539032,1.4965344667434692,13.87075538635254,45.37362957000706,189.14158172607412,12.417173862457297,44.436887359618964,191.59711135864026,0.884481296523132,1.287400722503662,0.782230019569397,0.68646824,1.1419637,0.17573785781860352,1.318650722503662,0.7841832637786865,0.7031314,1.1696835,0.20698785781860352
1025_10-3.npz,1025_10,1025,3,20435,1.8753973245620728,0.8168447613716125,1.1875,1.1273568868637085,0.762754499912262,0.915108859539032,1.4965344667434692,14.558796024322522,47.619065284728855,216.06199020385725,11.400255107879646,40.999602699279656,179.1986276245117,0.8460402436773121,1.287400722503662,0.7902305126190186,0.68646824,1.1419637,0.17573785781860352,1.326308250427246,0.7921837568283081,0.70721453,1.1764759,0.20698785781860352
1025_10-4.npz,1025_10,1025,4,20435,1.8753973245620728,0.8168447613716125,1.1875,1.1273568868637085,0.762754499912262,0.915108859539032,1.4965344667434692,15.664536952972414,50.518443107604554,218.57239700317342,13.720172405242925,47.74466934204098,208.56959960937493,0.8641066268990586,1.293120265007019,0.7890716791152954,0.68951803,1.1470371,0.17573785781860352,1.2930054664611816,0.7890716791152954,0.6894568,1.1469353,0.17573785781860352
1025_12-0.npz,1025_12,1025,0,10360,1.2819907665252686,0.8137218952178955,1.21875,0.5295373201370239,0.5408082604408264,0.6354015469551086,0.9026479721069336,3.9682183980941788,32.242432022093915,343.30164062499944,3.3643079042434803,29.887336349487214,372.26657836914006,0.8853695324283559,0.8735823631286621,0.5390596389770508,0.6814264,1.6497087,0.34809279441833496,0.8735823631286621,0.533206582069397,0.6814264,1.6497087,0.34809279441833496
1025_12-1.npz,1025_12,1025,1,10360,1.2819907665252686,0.8137218952178955,1.21875,0.5295373201370239,0.5408082604408264,0.6354015469551086,0.9026479721069336,3.9173321962356655,31.931521415710222,296.47121124267477,3.433678817749025,27.989090156554948,267.1060513305644,0.904036557501904,0.87556391954422,0.5351574420928955,0.6829721,1.6534508,0.34809279441833496,0.8776320815086365,0.5313374400138855,0.68458533,1.6573564,0.34809279441833496
1025_12-2.npz,1025_12,1025,2,10360,1.2819907665252686,0.8137218952178955,1.21875,0.5295373201370239,0.5408082604408264,0.6354015469551086,0.9026479721069336,2.741148662567143,19.707564449310247,211.83855957031207,2.6416933774948124,19.931797122955246,219.28777053832977,0.9245573518090839,0.8423323631286621,0.5410151481628418,0.65705025,1.590695,0.31684279441833496,0.8441500067710876,0.5353758335113525,0.65846807,1.5941275,0.31684279441833496
1025_12-3.npz,1025_12,1025,3,10360,1.2819907665252686,0.8137218952178955,1.21875,0.5295373201370239,0.5408082604408264,0.6354015469551086,0.9026479721069336,2.2586703300476083,14.186069107055319,124.29580451965211,2.035453152656556,12.03437857627864,103.92620056152336,0.9149751053236308,0.8423323631286621,0.5390468835830688,0.65705025,1.590695,0.31684279441833496,0.8423323631286621,0.5390468835830688,0.65705025,1.590695,0.31684279441833496
1025_12-4.npz,1025_12,1025,4,10360,1.2819907665252686,0.8137218952178955,1.21875,0.5295373201370239,0.5408082604408264,0.6354015469551086,0.9026479721069336,2.3511870861053477,15.23648471832266,126.54935562133738,2.2622905492782595,15.021431732177469,124.09275543212878,0.925483777799172,0.8463820815086365,0.5351557731628418,0.6602092,1.5983427,0.31684279441833496,0.8151320815086365,0.5390596389770508,0.635833,1.5393288,0.28559279441833496
1025_13-0.npz,1025_13,1025,0,20764,1.9700167179107666,0.8151103258132935,1.21875,1.2130157947540283,0.808986246585846,0.9935597777366638,1.5969862937927246,17.84120769500735,70.06503791809064,275.0598275756836,13.663672733306896,52.17690277099585,284.20141998290813,0.8392495861688432,1.4103970527648926,0.8359413146972656,0.71593153,1.1627195,0.216780424118042,1.4297925233840942,0.8398440480232239,0.72577685,1.1787089,0.248030424118042
1025_13-1.npz,1025_13,1025,1,20764,1.9700167179107666,0.8151103258132935,1.21875,1.2130157947540283,0.808986246585846,0.9935597777366638,1.5969862937927246,15.285840415954613,61.37040557861248,212.3466334533688,11.905713462829592,49.68631744384718,221.4689630126945,0.8284878405558603,1.3554872274398804,0.843769907951355,0.68805873,1.1174523,0.169905424118042,1.3867372274398804,0.843769907951355,0.70392156,1.1432145,0.201155424118042
1025_13-2.npz,1025_13,1025,2,20764,1.9700167179107666,0.8151103258132935,1.21875,1.2130157947540283,0.808986246585846,0.9935597777366638,1.5969862937927246,16.180210685730028,55.32076606750473,263.6909680175773,14.429103946685872,44.69907550811748,250.76366577148372,0.8489414810021263,1.408443808555603,0.8359413146972656,0.71494,1.1611092,0.216780424118042,1.40643310546875,0.8476564884185791,0.7139194,1.1594516,0.216780424118042
1025_13-3.npz,1025_13,1025,3,20764,1.9700167179107666,0.8151103258132935,1.21875,1.2130157947540283,0.808986246585846,0.9935597777366638,1.5969862937927246,17.640896415710458,63.7524221420286,276.2976446533187,14.44242095947269,54.721903610228864,272.8263388061523,0.8499676255665526,1.412193775177002,0.84375,0.71684355,1.1642007,0.216780424118042,1.4161596298217773,0.84375,0.71885663,1.1674701,0.216780424118042
1025_13-4.npz,1025_13,1025,4,20764,1.9700167179107666,0.8151103258132935,1.21875,1.2130157947540283,0.808986246585846,0.9935597777366638,1.5969862937927246,19.171790504455615,55.82714366912836,232.10541564941403,16.828545951843267,49.7369400024414,224.1606491088857,0.8434878790671951,1.3692846298217773,0.839887261390686,0.69506246,1.1288267,0.169905424118042,1.3691389560699463,0.832074761390686,0.6949885,1.1287066,0.169905424118042
1025_14-0.npz,1025_14,1025,0,13716,2.1257333755493164,0.8163674473762512,1.15625,1.3617838621139526,0.7338389754295349,0.8860252499580383,1.7393302917480469,26.508968353271488,72.58865814208978,249.0241046142578,22.263259315490735,54.59248371124261,237.61861541747743,0.8472337674332687,1.4650869369506836,0.7586898803710938,0.6892148,1.0758586,0.12077820301055908,1.4668622016906738,0.7585130929946899,0.69004995,1.0771623,0.12077820301055908
1025_14-1.npz,1025_14,1025,1,13716,2.1257333755493164,0.8163674473762512,1.15625,1.3617838621139526,0.7338389754295349,0.8860252499580383,1.7393302917480469,26.569775772094747,79.15330581665023,239.44730575561516,19.77887763977051,51.30949039459216,211.9535702514637,0.7543859649122807,1.4668622016906738,0.7590720653533936,0.69004995,1.0771623,0.12077820301055908,1.4668622016906738,0.7590694427490234,0.69004995,1.0771623,0.12077820301055908
1025_14-2.npz,1025_14,1025,2,13716,2.1257333755493164,0.8163674473762512,1.15625,1.3617838621139526,0.7338389754295349,0.8860252499580383,1.7393302917480469,29.046300697326668,75.73819961547832,281.15758026122893,24.6726037979126,65.43427391052225,292.4858999633781,0.8261504747991234,1.4590497016906738,0.7590585947036743,0.6863747,1.0714253,0.11296570301055908,1.4590497016906738,0.7591195106506348,0.6863747,1.0714253,0.11296570301055908
1025_14-3.npz,1025_14,1025,3,13716,2.1257333755493164,0.8163674473762512,1.15625,1.3617838621139526,0.7338389754295349,0.8860252499580383,1.7393302917480469,26.586098098754885,75.06058883666958,239.51975051879867,23.133236312866213,62.45945758819534,227.27392517089842,0.8236527765113523,1.4668622016906738,0.7590720653533936,0.69004995,1.0771623,0.12077820301055908,1.4648942947387695,0.7590694427490234,0.68912417,1.0757172,0.12077820301055908
1025_14-4.npz,1025_14,1025,4,13716,2.1257333755493164,0.8163674473762512,1.15625,1.3617838621139526,0.7338389754295349,0.8860252499580383,1.7393302917480469,28.320021057128915,75.6306632995604,288.23038543701074,22.594224548339852,57.93435077667224,300.9921011352536,0.7653808809250596,1.453580617904663,0.7589658498764038,0.68380195,1.0674092,0.10515320301055908,1.453580617904663,0.7589658498764038,0.68380195,1.0674092,0.10515320301055908
1025_15-0.npz,1025_15,1025,0,9794,1.282401442527771,0.8138090372085571,1.1875,0.5155271291732788,0.5113211274147034,0.614760160446167,0.8941093683242798,0.3800945401191723,2.5137414932250683,50.71653861999482,0.34966451525688214,2.2489853262901276,47.17010322570775,0.9426906265177271,0.9005683064460754,0.5041385889053345,0.7022515,1.7468883,0.3882920742034912,0.9005683064460754,0.5041993260383606,0.7022515,1.7468883,0.3882920742034912
1025_15-1.npz,1025_15,1025,1,9794,1.282401442527771,0.8138090372085571,1.1875,0.5155271291732788,0.5113211274147034,0.614760160446167,0.8941093683242798,0.4052797645330436,2.799147975444784,70.27747634887596,0.419505050778389,2.854661083221412,72.25796958923321,0.9479887016655303,0.9005683064460754,0.5159152150154114,0.7022515,1.7468883,0.3882920742034912,0.8361653089523315,0.517578125,0.6520308,1.6219618,0.3257920742034912
1025_15-2.npz,1025_15,1025,2,9794,1.282401442527771,0.8138090372085571,1.1875,0.5155271291732788,0.5113211274147034,0.614760160446167,0.8941093683242798,0.400051751732827,2.734363508224464,60.789343833923084,0.3585269272327432,2.4135423541069008,55.07377311706522,0.9321804656554922,0.9005683064460754,0.5080422163009644,0.7022515,1.7468883,0.3882920742034912,0.9005683064460754,0.5097659230232239,0.7022515,1.7468883,0.3882920742034912
1025_15-3.npz,1025_15,1025,3,9794,1.282401442527771,0.8138090372085571,1.1875,0.5155271291732788,0.5113211274147034,0.614760160446167,0.8941093683242798,0.41773211359977724,2.862234580516789,74.92802864074667,0.4319953769445424,2.9950241088866956,77.48552978515609,0.9487479294553249,0.9005683064460754,0.5081031322479248,0.7022515,1.7468883,0.3882920742034912,0.8986653089523315,0.5097658634185791,0.7007675,1.743197,0.3882920742034912
1025_15-4.npz,1025_15,1025,4,9794,1.282401442527771,0.8138090372085571,1.1875,0.5155271291732788,0.5113211274147034,0.614760160446167,0.8941093683242798,0.4038335204124456,2.731784057617186,58.997819213867096,0.36268140673637406,2.3799787282943696,53.39077125549314,0.9329274185754325,0.9005683064460754,0.5041385889053345,0.7022515,1.7468883,0.3882920742034912,0.9005683064460754,0.5080422163009644,0.7022515,1.7468883,0.3882920742034912
1025_17-0.npz,1025_17,1025,0,22121,2.1886045932769775,0.8163256049156189,1.1875,1.4280469417572021,0.7393265962600708,1.0846284627914429,1.812476634979248,15.55090303421021,54.23449077606186,259.5829852294921,11.683713150024422,47.34551563262938,280.7181066894527,0.7909913136921286,1.6584479808807373,0.7226577401161194,0.757765,1.16134,0.2355029582977295,1.6584479808807373,0.7343764901161194,0.757765,1.16134,0.2355029582977295
1025_17-1.npz,1025_17,1025,1,22121,2.1886045932769775,0.8163256049156189,1.1875,1.4280469417572021,0.7393265962600708,1.0846284627914429,1.812476634979248,13.825414466857948,53.04878368377635,229.4275346374511,12.443713474273776,45.958442115783264,247.7754039001444,0.8660197798096659,1.7053229808807373,0.7382862567901611,0.7791828,1.1941645,0.2823779582977295,1.7056148052215576,0.7343747615814209,0.7793161,1.1943688,0.2823779582977295
1025_17-2.npz,1025_17,1025,2,22121,2.1886045932769775,0.8163256049156189,1.1875,1.4280469417572021,0.7393265962600708,1.0846284627914429,1.812476634979248,14.94720354080202,57.09033699035637,220.30741592407225,12.092693519592284,37.3787641525268,144.85325805664016,0.8219914366402478,1.5822992324829102,0.7265629172325134,0.72297174,1.1080163,0.1573779582977295,1.6584479808807373,0.7421873807907104,0.757765,1.16134,0.2355029582977295
1025_17-3.npz,1025_17,1025,3,22121,2.1886045932769775,0.8163256049156189,1.1875,1.4280469417572021,0.7393265962600708,1.0846284627914429,1.812476634979248,13.246617031097426,45.75166873931878,231.93179962158203,11.22640142440796,42.614143371581804,211.79325393676706,0.8362100624311422,1.674022912979126,0.7382862567901611,0.7648814,1.1722465,0.2511279582977295,1.7032771110534668,0.7421875,0.778248,1.1927319,0.2823779582977295
1025_17-4.npz,1025_17,1025,4,22121,2.1886045932769775,0.8163256049156189,1.1875,1.4280469417572021,0.7393265962600708,1.0846284627914429,1.812476634979248,16.33210182189942,67.70548629760705,283.81386718749997,13.841220092773442,50.03354682922362,223.43828277587698,0.8340210912425493,1.520092487335205,0.7382810115814209,0.6945487,1.0644555,0.09487795829772949,1.5979242324829102,0.7307031154632568,0.730111,1.1189578,0.1730029582977295
1025_18-0.npz,1025_18,1025,0,9237,1.2821605205535889,0.8140896558761597,1.21875,0.5256378650665283,0.533672571182251,0.6318687796592712,0.9042032361030579,1.9273990392684976,16.59928808212268,210.23004272460935,1.7470479965209975,14.259815597534072,222.69795989989873,0.918281220026856,0.8437442183494568,0.5156701803207397,0.6580644,1.6051816,0.315457284450531,0.8437442183494568,0.5195761919021606,0.6580644,1.6051816,0.315457284450531
1025_18-1.npz,1025_18,1025,1,9237,1.2821605205535889,0.8140896558761597,1.21875,0.5256378650665283,0.533672571182251,0.6318687796592712,0.9042032361030579,1.635910677909854,11.862914609908934,180.7781425476065,1.445495474338533,9.278014993667465,142.7018211364744,0.9423132951345052,0.8437442183494568,0.5234819650650024,0.6580644,1.6051816,0.315457284450531,0.8437442183494568,0.5255323648452759,0.6580644,1.6051816,0.315457284450531
1025_18-2.npz,1025_18,1025,2,9237,1.2821605205535889,0.8140896558761597,1.21875,0.5256378650665283,0.533672571182251,0.6318687796592712,0.9042032361030579,1.677592194080361,11.805241632461462,138.4053451538083,1.4415110230445867,8.51157455444334,98.33881393432519,0.9162594615310913,0.8437442183494568,0.5195759534835815,0.6580644,1.6051816,0.315457284450531,0.8437442183494568,0.5216266512870789,0.6580644,1.6051816,0.315457284450531
1025_18-3.npz,1025_18,1025,3,9237,1.2821605205535889,0.8140896558761597,1.21875,0.5256378650665283,0.533672571182251,0.6318687796592712,0.9042032361030579,1.7954445123672493,13.477340316772324,204.31799285888647,1.6655999064445532,11.136281728744365,168.76601959228438,0.9557989438685703,0.8437442183494568,0.5195761919021606,0.6580644,1.6051816,0.315457284450531,0.8437442183494568,0.5156701803207397,0.6580644,1.6051816,0.315457284450531
1025_18-4.npz,1025_18,1025,4,9237,1.2821605205535889,0.8140896558761597,1.21875,0.5256378650665283,0.533672571182251,0.6318687796592712,0.9042032361030579,1.6801339745521564,12.613353204726938,135.65860839843668,1.383858311176302,8.737135410308765,112.1445246124262,0.9071231047964146,0.8437442183494568,0.5156701803207397,0.6580644,1.6051816,0.315457284450531,0.8437442183494568,0.5195761919021606,0.6580644,1.6051816,0.315457284450531
1025_19-0.npz,1025_19,1025,0,19045,1.9386814832687378,0.8154361248016357,1.1875,1.184530258178711,0.7643277645111084,0.9516610503196716,1.5464699268341064,15.654368591308604,43.96663093566877,173.15684280395487,12.33609256744385,36.427352523803464,156.25046066284173,0.7784101013693758,1.2851994037628174,0.7773417234420776,0.66292447,1.0849866,0.10314905643463135,1.2851994037628174,0.7734359502792358,0.66292447,1.0849866,0.10314905643463135
1025_19-1.npz,1025_19,1025,1,19045,1.9386814832687378,0.8154361248016357,1.1875,1.184530258178711,0.7643277645111084,0.9516610503196716,1.5464699268341064,21.494653511047403,46.3120323181149,203.47236984252908,15.21313056945804,36.40282688140865,186.89184310913066,0.680248676804167,1.2832229137420654,0.7706565856933594,0.661905,1.083318,0.10314905643463135,1.2818539142608643,0.7706565856933594,0.6611988,1.0821623,0.10314905643463135
1025_19-2.npz,1025_19,1025,2,19045,1.9386814832687378,0.8154361248016357,1.1875,1.184530258178711,0.7643277645111084,0.9516610503196716,1.5464699268341064,20.186020851135314,46.71900691986076,173.98666992187407,15.138216972351087,36.95519371032708,153.08763336181542,0.7590149516270889,1.2833962440490723,0.7705322504043579,0.6619944,1.0834643,0.10314905643463135,1.2832229137420654,0.772588849067688,0.661905,1.083318,0.10314905643463135
1025_19-3.npz,1025_19,1025,3,19045,1.9386814832687378,0.8154361248016357,1.1875,1.184530258178711,0.7643277645111084,0.9516610503196716,1.5464699268341064,15.22875261306764,35.52187156677237,146.90015335083,12.0525748252869,29.046127414703314,112.17111267089835,0.7554638813306416,1.2773849964141846,0.7812483906745911,0.6588937,1.0783895,0.10314905643463135,1.2851994037628174,0.7812490463256836,0.66292447,1.0849866,0.10314905643463135
1025_19-4.npz,1025_19,1025,4,19045,1.9386814832687378,0.8154361248016357,1.1875,1.184530258178711,0.7643277645111084,0.9516610503196716,1.5464699268341064,16.678336906433135,41.187449073791385,147.08132797241066,13.386276245117223,32.871716308593726,135.21593933105356,0.7430712916158271,1.2812819480895996,0.7706565856933594,0.6609038,1.0816793,0.10314905643463135,1.275559663772583,0.7812483906745911,0.65795213,1.0768485,0.10314905643463135
1025_20-0.npz,1025_20,1025,0,11144,1.3132507801055908,0.8141266107559204,1.1875,0.5599187612533569,0.5299657583236694,0.6388377547264099,0.9355460405349731,1.3049909949302703,6.240732407569865,93.18829559326113,1.0190828680992137,5.743486595153801,97.19193893432588,0.8873266018684534,0.8732622861862183,0.5293036699295044,0.6649623,1.5596232,0.3152047395706177,0.9045122861862183,0.5312495231628418,0.68875825,1.6154349,0.3464547395706177
1025_20-1.npz,1025_20,1025,1,11144,1.3132507801055908,0.8141266107559204,1.1875,0.5599187612533569,0.5299657583236694,0.6388377547264099,0.9355460405349731,1.2383157730102565,6.283983635902392,95.06051071166925,0.9744146883487704,5.344093060493448,81.96100891113254,0.8873266018684534,0.8732622861862183,0.5312495231628418,0.6649623,1.5596232,0.3152047395706177,0.8732622861862183,0.5333194136619568,0.6649623,1.5596232,0.3152047395706177
1025_20-2.npz,1025_20,1025,2,11144,1.3132507801055908,0.8141266107559204,1.1875,0.5599187612533569,0.5299657583236694,0.6388377547264099,0.9355460405349731,1.2407294154167205,6.123576378822281,90.32769073486322,0.9972576498985299,5.900231909751828,90.01380699157706,0.8875047187617969,0.8732622861862183,0.5312495231628418,0.6649623,1.5596232,0.3152047395706177,0.9045122861862183,0.5333190560340881,0.68875825,1.6154349,0.3464547395706177
1025_20-3.npz,1025_20,1025,3,11144,1.3132507801055908,0.8141266107559204,1.1875,0.5599187612533569,0.5299657583236694,0.6388377547264099,0.9355460405349731,1.2869107842445384,6.511169576644891,90.16612449645966,1.0321681976318386,5.2570319175719735,60.870528984069395,0.9146084625694045,0.8732622861862183,0.5312495231628418,0.6649623,1.5596232,0.3152047395706177,0.8732622861862183,0.5333190560340881,0.6649623,1.5596232,0.3152047395706177
1025_20-4.npz,1025_20,1025,4,11144,1.3132507801055908,0.8141266107559204,1.1875,0.5599187612533569,0.5299657583236694,0.6388377547264099,0.9355460405349731,1.3076738715171838,6.2086705207824,95.19512786865137,1.237191975116731,5.7382209300994855,97.4218276214598,0.9201228878648233,0.8732622861862183,0.5293036699295044,0.6649623,1.5596232,0.3152047395706177,0.8732622861862183,0.5312495231628418,0.6649623,1.5596232,0.3152047395706177
1025_21-0.npz,1025_21,1025,0,5878,1.0945041179656982,0.8142609596252441,0.90625,0.33146968483924866,0.22626638412475586,0.5249291062355042,0.7040454149246216,0.627948963642121,4.894967293739279,52.776042518615334,0.588094699382783,3.7073420286178402,36.29339279174792,0.9094901661256445,0.4082432687282562,0.15667250752449036,0.37299383,1.2316157,0.07795870304107666,0.4081990718841553,0.17365935444831848,0.37295344,1.2314824,0.07795870304107666
1025_21-1.npz,1025_21,1025,1,5878,1.0945041179656982,0.8142609596252441,0.90625,0.33146968483924866,0.22626638412475586,0.5249291062355042,0.7040454149246216,0.4861318975687041,3.0789544701575946,35.363826828002914,0.410825437307359,2.5699568390846146,41.090310211181624,0.8475750577367206,0.4082432687282562,0.19938009977340698,0.37299383,1.2316157,0.07795870304107666,0.5800740718841553,0.19935527443885803,0.52998805,1.7500064,0.24983370304107666
1025_21-2.npz,1025_21,1025,2,5878,1.0945041179656982,0.8142609596252441,0.90625,0.33146968483924866,0.22626638412475586,0.5249291062355042,0.7040454149246216,0.570737498998643,4.484879708290078,45.71490062713616,0.3897725135087969,2.4887761116027827,30.16092338561996,0.8696830887164626,0.4082432687282562,0.15059566497802734,0.37299383,1.2316157,0.07795870304107666,0.4238682687282562,0.18674302101135254,0.38726968,1.2787542,0.09358370304107666
1025_21-3.npz,1025_21,1025,3,5878,1.0945041179656982,0.8142609596252441,0.90625,0.33146968483924866,0.22626638412475586,0.5249291062355042,0.7040454149246216,0.6623763024806981,4.6480746746062,45.791056938171366,0.507904076576233,3.0689356803893917,41.64148212432859,0.8832391713747646,0.4082432687282562,0.19947940111160278,0.37299383,1.2316157,0.07795870304107666,0.4082432687282562,0.20362985134124756,0.37299383,1.2316157,0.07795870304107666
1025_21-4.npz,1025_21,1025,4,5878,1.0945041179656982,0.8142609596252441,0.90625,0.33146968483924866,0.22626638412475586,0.5249291062355042,0.7040454149246216,0.535680711269379,4.325594377517611,47.50429168701165,0.46250309944152995,3.567163825035066,48.34537734985339,0.8097909691430639,0.4082432687282562,0.182223379611969,0.37299383,1.2316157,0.07795870304107666,0.4082432687282562,0.20363777875900269,0.37299383,1.2316157,0.07795870304107666
1025_22-0.npz,1025_22,1025,0,13029,1.9380308389663696,0.8155711889266968,1.125,1.154536247253418,0.6658653020858765,0.8717944622039795,1.547066569328308,22.09597625732426,52.22305431365952,175.21608123779248,17.91329116821289,47.22399330139158,208.14976226806385,0.762580417731559,0.5628841519355774,0.18444858491420746,0.29044127,0.48754135,-0.5777857303619385,0.6019466519355774,0.19191735982894897,0.31059703,0.5213753,-0.5387232303619385
1025_22-1.npz,1025_22,1025,1,13029,1.9380308389663696,0.8155711889266968,1.125,1.154536247253418,0.6658653020858765,0.8717944622039795,1.547066569328308,21.549344635009778,51.521197319030705,185.51206954955984,15.980586242675798,38.02342624664281,164.9823300170896,0.7006802721088435,0.6036558747291565,0.16696694493293762,0.31147897,0.5228557,-0.5465357303619385,0.6036558747291565,0.17651279270648956,0.31147897,0.5228557,-0.5465357303619385
1025_22-2.npz,1025_22,1025,2,13029,1.9380308389663696,0.8155711889266968,1.125,1.154536247253418,0.6658653020858765,0.8717944622039795,1.547066569328308,21.51285209655765,66.200075149536,199.668347473144,15.19844398498537,36.2815673828124,139.22595916747903,0.7005356687356518,0.5472591519355774,0.17776697874069214,0.28237897,0.47400776,-0.5934107303619385,0.6038422584533691,0.17657379806041718,0.31157514,0.52301717,-0.5387232303619385
1025_22-3.npz,1025_22,1025,3,13029,1.9380308389663696,0.8155711889266968,1.125,1.154536247253418,0.6658653020858765,0.8717944622039795,1.547066569328308,24.503111076355,64.04245986938467,214.02388031005856,16.138078117370604,39.81382789611815,161.11564498901308,0.6953462744765618,0.4729679226875305,0.19066788256168365,0.24404562,0.40966052,-0.6715351343154907,0.5921065211296082,0.18870539963245392,0.30551967,0.51285225,-0.5543482303619385
1025_22-4.npz,1025_22,1025,4,13029,1.9380308389663696,0.8155711889266968,1.125,1.154536247253418,0.6658653020858765,0.8717944622039795,1.547066569328308,21.292599868774452,59.7725475311279,194.28896163940306,16.55861778259282,45.96406669616699,166.91556640624987,0.8132366273798731,0.5238246917724609,0.17088228464126587,0.27028707,0.45371005,-0.6168451905250549,0.5238216519355774,0.16405773162841797,0.27028552,0.4537074,-0.6168482303619385
1025_25-0.npz,1025_25,1025,0,22860,1.9701721668243408,0.8154958486557007,1.1875,1.1945810317993164,0.8049066066741943,0.9537181258201599,1.5858633518218994,30.917480087280328,78.73450927734336,272.4957083129879,19.98231868743898,56.733298492431615,271.2681616210932,0.6946280291476021,1.3089537620544434,0.8031931519508362,0.6643855,1.095743,0.1186838150024414,1.3402037620544434,0.8031931519508362,0.680247,1.1219028,0.1499338150024414
1025_25-1.npz,1025_25,1025,1,22860,1.9701721668243408,0.8154958486557007,1.1875,1.1945810317993164,0.8049066066741943,0.9537181258201599,1.5858633518218994,38.25775680541993,99.38125762939443,283.1991448974601,27.43205585479737,70.92105331420873,234.15981689453034,0.7154129856763015,1.31851065158844,0.8037620782852173,0.66923624,1.1037432,0.1343088150024414,1.4436323642730713,0.8038777112960815,0.7327443,1.2084843,0.2593088150024414
1025_25-2.npz,1025_25,1025,2,22860,1.9701721668243408,0.8154958486557007,1.1875,1.1945810317993164,0.8049066066741943,0.9537181258201599,1.5858633518218994,37.8993263244629,89.80773315429609,312.4397161865232,30.175551986694355,65.45054550170897,258.6045788574208,0.7054660185895796,1.3400182723999023,0.8009932637214661,0.6801529,1.1217475,0.1499338150024414,1.4007365703582764,0.8037620782852173,0.71097165,1.1725756,0.2124338150024414
1025_25-3.npz,1025_25,1025,3,22860,1.9701721668243408,0.8154958486557007,1.1875,1.1945810317993164,0.8049066066741943,0.9537181258201599,1.5858633518218994,41.002962875366215,106.271869277954,292.2028228759763,29.140108871459983,72.01535301208493,239.0150611877441,0.7401896806751936,1.3186323642730713,0.8038373589515686,0.66929805,1.103845,0.1343088150024414,1.414283037185669,0.8036273717880249,0.7178474,1.1839155,0.2280588150024414
1025_25-4.npz,1025_25,1025,4,22860,1.9701721668243408,0.8154958486557007,1.1875,1.1945810317993164,0.8049066066741943,0.9537181258201599,1.5858633518218994,37.854093933105474,76.8789745330809,239.08852844238186,30.088942146301292,67.24068260192863,256.7322842407217,0.7073587160662456,1.3362011909484863,0.802985429763794,0.67821544,1.1185522,0.1499338150024414,1.3362011909484863,0.8036978244781494,0.67821544,1.1185522,0.1499338150024414
1025_26-0.npz,1025_26,1025,0,15073,2.15625,0.8760095238685608,1.25,1.408400535583496,0.7877373099327087,1.0463286638259888,1.780290126800537,13.286032390594494,63.7149017333984,255.7644445800781,11.369894790649461,57.6056743621823,233.15914031982385,0.9000570017100513,1.7112956047058105,0.8173463940620422,0.7936443,1.2150632,0.3134598731994629,1.7070623636245728,0.8174022436141968,0.7916811,1.2120575,0.3134598731994629
1025_26-1.npz,1025_26,1025,1,15073,2.15625,0.8760095238685608,1.25,1.408400535583496,0.7877373099327087,1.0463286638259888,1.780290126800537,10.75919122695923,55.555865669250466,268.6386239624008,8.842924404144288,44.88943729400598,241.61534652709915,0.889644746787604,1.7112956047058105,0.836925745010376,0.7936443,1.2150632,0.3134598731994629,1.7425456047058105,0.844706654548645,0.8081371,1.2372514,0.3447098731994629
1025_26-2.npz,1025_26,1025,2,15073,2.15625,0.8760095238685608,1.25,1.408400535583496,0.7877373099327087,1.0463286638259888,1.780290126800537,9.308583068847657,48.41056823730444,240.9721606445292,7.627020597457893,38.56387329101558,208.4841499328609,0.8859028760018859,1.7446138858795166,0.836925745010376,0.8090963,1.2387199,0.3447098731994629,1.7446138858795166,0.836925745010376,0.8090963,1.2387199,0.3447098731994629
1025_26-3.npz,1025_26,1025,3,15073,2.15625,0.8760095238685608,1.25,1.408400535583496,0.7877373099327087,1.0463286638259888,1.780290126800537,13.030492782592784,57.29145259857132,242.56369842529296,11.058618354797389,52.866303825378196,233.78037246703946,0.8869704689121615,1.7133638858795166,0.8210741877555847,0.7946035,1.2165316,0.3134598731994629,1.7133638858795166,0.8210904002189636,0.7946035,1.2165316,0.3134598731994629
1025_26-4.npz,1025_26,1025,4,15073,2.15625,0.8760095238685608,1.25,1.408400535583496,0.7877373099327087,1.0463286638259888,1.780290126800537,12.18187847137459,48.3394336700438,220.99467269897366,9.181967639923098,39.14556770324703,236.5717532348626,0.8658456945610598,1.7112956047058105,0.8251491785049438,0.7936443,1.2150632,0.3134598731994629,1.7112956047058105,0.8290546536445618,0.7936443,1.2150632,0.3134598731994629
1026_1-0.npz,1026_1,1026,0,19916,1.938368320465088,0.8152124881744385,1.125,1.1961948871612549,0.6797783374786377,0.8736514449119568,1.5632106065750122,19.036321640014684,54.089959526061996,230.02122070312458,14.38925104141238,49.54256172180171,206.2138766479489,0.8204988166757692,0.9316849708557129,0.3769713342189789,0.48065424,0.7788739,-0.24984228610992432,1.119276762008667,0.3613463342189789,0.57743245,0.9356977,-0.062342286109924316
1026_1-1.npz,1026_1,1026,1,19916,1.938368320465088,0.8152124881744385,1.125,1.1961948871612549,0.6797783374786377,0.8736514449119568,1.5632106065750122,17.51894035339358,59.34952793121275,197.5145986938468,14.059374427795413,50.579582214354815,195.10504089355447,0.8248175182481752,0.8595597147941589,0.3769713342189789,0.443445,0.71857834,-0.3279672861099243,0.8908097147941589,0.3789101839065552,0.4595668,0.7447028,-0.2967172861099243
1026_1-2.npz,1026_1,1026,2,19916,1.938368320465088,0.8152124881744385,1.125,1.1961948871612549,0.6797783374786377,0.8736514449119568,1.5632106065750122,29.064822387695326,79.80990676879877,240.75752807617113,21.419207191467297,61.73389701843244,247.8923629760741,0.7548477669562166,0.811820387840271,0.3691449463367462,0.41881636,0.678669,-0.37582075595855713,0.8948279619216919,0.3769574463367462,0.4616398,0.748062,-0.2967172861099243
1026_1-3.npz,1026_1,1026,3,19916,1.938368320465088,0.8152124881744385,1.125,1.1961948871612549,0.6797783374786377,0.8736514449119568,1.5632106065750122,17.740520858764658,58.1408664703368,213.28061492919844,13.288456916809084,43.317596054077065,172.5774774169918,0.827485380116959,0.8595597147941589,0.3769713342189789,0.443445,0.71857834,-0.3279672861099243,1.0355496406555176,0.3613463342189789,0.5342378,0.8657031,-0.15609228610992432
1026_1-4.npz,1026_1,1026,4,19916,1.938368320465088,0.8152124881744385,1.125,1.1961948871612549,0.6797783374786377,0.8736514449119568,1.5632106065750122,15.857713890075686,55.95525054931636,235.35995468139615,13.881750392913833,44.94273185729973,230.8768446350086,0.8487705675725642,0.843817412853241,0.3769713342189789,0.43532357,0.705418,-0.339688777923584,0.8287200927734375,0.3769713342189789,0.42753488,0.6927969,-0.3589210510253906
1026_10-0.npz,1026_10,1026,0,21292,2.157369613647461,0.8162727952003479,1.21875,1.3971917629241943,0.8024278283119202,1.070549726486206,1.7730863094329834,12.877764797210737,47.1551040649414,223.4639753723144,10.590006732940688,40.80275974273626,230.32365447997978,0.883416517562859,1.6993379592895508,0.8437505960464478,0.78768975,1.2162524,0.30615830421447754,1.6936521530151367,0.8437505960464478,0.7850542,1.212183,0.30615830421447754
1026_10-1.npz,1026_10,1026,1,21292,2.157369613647461,0.8162727952003479,1.21875,1.3971917629241943,0.8024278283119202,1.070549726486206,1.7730863094329834,15.980663585662843,51.069888496398804,206.5105006408688,13.12005834579468,43.450560951232674,209.59508056640618,0.8496254508462037,1.6993379592895508,0.8398443460464478,0.78768975,1.2162524,0.30615830421447754,1.6993379592895508,0.8359380960464478,0.78768975,1.2162524,0.30615830421447754
1026_10-2.npz,1026_10,1026,2,21292,2.157369613647461,0.8162727952003479,1.21875,1.3971917629241943,0.8024278283119202,1.070549726486206,1.7730863094329834,15.459899902343796,52.9413135528563,214.19558868408112,13.234161281585706,45.93863410949702,197.04113616943286,0.8717828731867103,1.6993379592895508,0.8437505960464478,0.78768975,1.2162524,0.30615830421447754,1.6993379592895508,0.8437505960464478,0.78768975,1.2162524,0.30615830421447754
1026_10-3.npz,1026_10,1026,3,21292,2.157369613647461,0.8162727952003479,1.21875,1.3971917629241943,0.8024278283119202,1.070549726486206,1.7730863094329834,15.525464439392104,51.0341981887815,237.0766891479487,11.986846065521242,44.92034740447884,249.98950820922846,0.8160355942976483,1.6993379592895508,0.8437505960464478,0.78768975,1.2162524,0.30615830421447754,1.6993379592895508,0.8320322036743164,0.78768975,1.2162524,0.30615830421447754
1026_10-4.npz,1026_10,1026,4,21292,2.157369613647461,0.8162727952003479,1.21875,1.3971917629241943,0.8024278283119202,1.070549726486206,1.7730863094329834,11.803913497924825,55.388638687133586,240.2579382324217,9.72747383117676,47.13323936462382,226.23698791503895,0.8740629685157422,1.6993379592895508,0.8437505960464478,0.78768975,1.2162524,0.30615830421447754,1.7149629592895508,0.8437505960464478,0.79493237,1.2274356,0.32178330421447754
1026_11-0.npz,1026_11,1026,0,3142,0.9385795593261719,0.8136287927627563,1.0001323223114014,0.17222777009010315,0.24567747116088867,0.46484261751174927,0.5594574213027954,17.74742031097434,134.90466766357378,330.0742056274414,7.812735557556165,61.8084068298333,241.92594039916952,0.8832391713747646,0.41016578674316406,0.14956775307655334,0.43700695,2.381531,0.30099713802337646,0.42380857467651367,0.14956775307655334,0.45154253,2.4607446,0.31662213802337646
1026_11-1.npz,1026_11,1026,1,3142,0.9385795593261719,0.8136287927627563,1.0001323223114014,0.17222777009010315,0.24567747116088867,0.46484261751174927,0.5594574213027954,6.874400568008432,85.44330368041987,405.71040802001926,5.412510633468707,74.07597694396968,403.3452523803702,0.937984496124031,0.40818357467651367,0.14759913086891174,0.434895,2.3700218,0.30099713802337646,0.41021639108657837,0.14760366082191467,0.43706086,2.381825,0.30099713802337646
1026_11-2.npz,1026_11,1026,2,3142,0.9385795593261719,0.8136287927627563,1.0001323223114014,0.17222777009010315,0.24567747116088867,0.46484261751174927,0.5594574213027954,14.961848831176827,142.76675567626893,346.9821182250975,7.133115005493176,79.34835052490207,336.5139907836914,0.8862586060548902,0.43373316526412964,0.14569026231765747,0.46211657,2.5183694,0.31662213802337646,0.42776235938072205,0.14568546414375305,0.45575503,2.4837015,0.31662213802337646
1026_11-3.npz,1026_11,1026,3,3142,0.9385795593261719,0.8136287927627563,1.0001323223114014,0.17222777009010315,0.24567747116088867,0.46484261751174927,0.5594574213027954,22.078520202636774,185.50762405395443,460.97383728027273,19.578692436218308,147.734703826904,415.844535217283,0.9451468585878234,0.40421023964881897,0.1456405222415924,0.43066168,2.3469515,0.30099713802337646,0.4159238636493683,0.1495455801486969,0.44314182,2.414964,0.31662213802337646
1026_11-4.npz,1026_11,1026,4,3142,0.9385795593261719,0.8136287927627563,1.0001323223114014,0.17222777009010315,0.24567747116088867,0.46484261751174927,0.5594574213027954,24.429654502868686,222.8924926757805,500.6881683349609,26.522236251831153,250.14619522094696,606.5243133544922,0.9550342130987293,0.4061758518218994,0.14566269516944885,0.43275592,2.3583643,0.30099713802337646,0.2811758518218994,0.14181798696517944,0.29957592,1.6325814,0.17599713802337646
1026_12-0.npz,1026_12,1026,0,23469,2.032050609588623,0.81614089012146,1.21875,1.2686184644699097,0.8175792694091797,0.9972490072250366,1.6626582145690918,34.34410476684572,96.46617050170879,260.0319345092759,27.854802894592297,82.65828018188418,262.8754888916007,0.788428865241885,1.4628081321716309,0.8430527448654175,0.71986794,1.1530718,0.1975172758102417,1.4628081321716309,0.8430527448654175,0.71986794,1.1530718,0.1975172758102417
1026_12-1.npz,1026_12,1026,1,23469,2.032050609588623,0.81614089012146,1.21875,1.2686184644699097,0.8175792694091797,0.9972490072250366,1.6626582145690918,32.83778228759767,80.2303783416748,307.1440252685504,22.74565410614017,64.0469875335693,273.37268402099573,0.6880486158001351,1.4591741561889648,0.8445225358009338,0.7180796,1.1502073,0.1975172758102417,1.531254529953003,0.8387795686721802,0.75355136,1.2070253,0.2756422758102417
1026_12-2.npz,1026_12,1026,2,23469,2.032050609588623,0.81614089012146,1.21875,1.2686184644699097,0.8175792694091797,0.9972490072250366,1.6626582145690918,34.325585174560565,103.30818328857409,335.10569641113244,30.32335529327394,92.35525588989151,299.3991119384765,0.7987229067362173,1.4140686988830566,0.8351238965988159,0.6958826,1.1146525,0.1506422758102417,1.5216741561889648,0.8331667184829712,0.74883676,1.1994735,0.2600172758102417
1026_12-3.npz,1026_12,1026,3,23469,2.032050609588623,0.81614089012146,1.21875,1.2686184644699097,0.8175792694091797,0.9972490072250366,1.6626582145690918,28.668440437316896,70.67951698303189,229.2168832397454,20.558043289184578,50.03719291686995,207.36080902099604,0.7638239703677573,1.412243366241455,0.844879150390625,0.6949844,1.1132137,0.1506422758102417,1.4064278602600098,0.844879150390625,0.69212246,1.1086295,0.1506422758102417
1026_12-4.npz,1026_12,1026,4,23469,2.032050609588623,0.81614089012146,1.21875,1.2686184644699097,0.8175792694091797,0.9972490072250366,1.6626582145690918,29.051401710510312,80.28616714477515,263.1602697753901,22.7563541412354,63.18818836212152,217.95700744628869,0.781895937277263,1.3966741561889648,0.8332258462905884,0.6873225,1.1009411,0.1350172758102417,1.4218924045562744,0.834869384765625,0.6997328,1.1208196,0.1662672758102417
1026_13-0.npz,1026_13,1026,0,8190,1.313234806060791,0.8138762712478638,1.15625,0.5447748899459839,0.4832890033721924,0.6204230189323425,0.9180668592453003,0.16338751763105436,1.579210394620882,22.324212703704525,0.1476810529828074,1.5061955988407019,18.892100963592373,0.9594396002743215,0.4576255977153778,0.3538227379322052,0.34847203,0.840027,-0.08920711278915405,0.4576255977153778,0.3536299169063568,0.34847203,0.840027,-0.08920711278915405
1026_13-1.npz,1026_13,1026,1,8190,1.313234806060791,0.8138762712478638,1.15625,0.5447748899459839,0.4832890033721924,0.6204230189323425,0.9180668592453003,0.16184794008731895,1.5823320388793918,21.28719753265365,0.163731333613396,1.553199476003641,20.871538734435887,0.9642506383814575,0.4107506573200226,0.3538227379322052,0.31277776,0.75398237,-0.13608205318450928,0.4124007821083069,0.3538227379322052,0.3140343,0.75701135,-0.13608205318450928
1026_13-2.npz,1026_13,1026,2,8190,1.313234806060791,0.8138762712478638,1.15625,0.5447748899459839,0.4832890033721924,0.6204230189323425,0.9180668592453003,0.16589067131280913,1.559887033700941,19.838383178710792,0.16105348765850075,1.489785176515579,19.329344539642328,0.9675356615838662,0.4263755977153778,0.3538227379322052,0.32467583,0.7826638,-0.12045711278915405,0.4263755977153778,0.3538227379322052,0.32467583,0.7826638,-0.12045711278915405
1026_13-3.npz,1026_13,1026,3,8190,1.313234806060791,0.8138762712478638,1.15625,0.5447748899459839,0.4832890033721924,0.6204230189323425,0.9180668592453003,0.1555488243699078,1.53845783472061,20.95980283737168,0.1569995105266572,1.5431085228919919,22.39987190246574,0.9690853598503495,0.4576255977153778,0.3538227379322052,0.34847203,0.840027,-0.08920711278915405,0.4592757225036621,0.35176682472229004,0.34972855,0.84305596,-0.08920711278915405
1026_13-4.npz,1026_13,1026,4,8190,1.313234806060791,0.8138762712478638,1.15625,0.5447748899459839,0.4832890033721924,0.6204230189323425,0.9180668592453003,0.16452527940273298,1.5382902503013507,17.56518432617163,0.14968735277652767,1.4622389078140248,14.914430990219088,0.9654088050314465,0.4576255977153778,0.3538227379322052,0.34847203,0.840027,-0.08920711278915405,0.4576255977153778,0.3538227379322052,0.34847203,0.840027,-0.08920711278915405
1026_14-0.npz,1026_14,1026,0,17538,2.1256985664367676,0.8163684010505676,1.1875,1.3397202491760254,0.8013046979904175,0.9272108674049377,1.7295808792114258,41.50216255187989,106.06988410949701,293.9197604370107,28.487895965576204,68.37263298034628,243.23232177734334,0.6792611251049538,1.4452064037322998,0.8100713491439819,0.67987365,1.0787375,0.10705506801605225,1.4530189037322998,0.813963770866394,0.68354887,1.0845689,0.11486756801605225
1026_14-1.npz,1026_14,1026,1,17538,2.1256985664367676,0.8163684010505676,1.1875,1.3397202491760254,0.8013046979904175,0.9272108674049377,1.7295808792114258,50.62986564636242,113.00015830993645,263.9239013671855,34.445420455932634,83.25557937622038,228.9128742980957,0.7015484090522376,1.4452064037322998,0.8178476095199585,0.67987365,1.0787375,0.10705506801605225,1.4530189037322998,0.817864179611206,0.68354887,1.0845689,0.11486756801605225
1026_14-2.npz,1026_14,1026,2,17538,2.1256985664367676,0.8163684010505676,1.1875,1.3397202491760254,0.8013046979904175,0.9272108674049377,1.7295808792114258,42.82574386596687,122.57303657531727,320.05065734863246,31.364011383056674,88.23340530395507,262.35235229492116,0.7296549338406988,1.4396662712097168,0.8095313310623169,0.6772674,1.0746021,0.10705506801605225,1.4395241737365723,0.8095313310623169,0.6772005,1.0744962,0.10705506801605225
1026_14-3.npz,1026_14,1026,3,17538,2.1256985664367676,0.8163684010505676,1.1875,1.3397202491760254,0.8013046979904175,0.9272108674049377,1.7295808792114258,32.44375801086426,96.83470497131322,303.55563507080007,27.831941795349124,84.32702751159665,294.2046759033195,0.7551557700745941,1.4437638521194458,0.8139567375183105,0.679195,1.0776607,0.10705506801605225,1.437755823135376,0.8139567375183105,0.67636865,1.0731761,0.10705506801605225
1026_14-4.npz,1026_14,1026,4,17538,2.1256985664367676,0.8163684010505676,1.1875,1.3397202491760254,0.8013046979904175,0.9272108674049377,1.7295808792114258,47.43428840637216,113.31568641662594,275.9628320312496,35.31088409423829,74.29352226257315,192.29805313110344,0.6758840288252053,1.4452064037322998,0.8139569759368896,0.67987365,1.0787375,0.10705506801605225,1.4452064037322998,0.8139432668685913,0.67987365,1.0787375,0.10705506801605225
1026_15-0.npz,1026_15,1026,0,16584,2.2196264266967773,0.8463765978813171,1.15625,1.4465785026550293,0.7281860113143921,1.00971519947052,1.8281519412994385,9.247802925109875,36.19919509887686,204.85373840332022,7.030710744857797,27.940207099914478,211.075627441406,0.8370533664002939,1.49259614944458,0.7669247388839722,0.67245376,1.0318114,0.05553698539733887,1.5353012084960938,0.7746175527572632,0.69169354,1.0613328,0.10241186618804932
1026_15-1.npz,1026_15,1026,1,16584,2.2196264266967773,0.8463765978813171,1.15625,1.4465785026550293,0.7281860113143921,1.00971519947052,1.8281519412994385,10.974462604522715,44.93319072723361,236.15869125366174,7.921808481216436,31.422910785675015,207.95522125244116,0.8539117538005191,1.4885505437850952,0.7748656272888184,0.6706311,1.0290147,0.05553698539733887,1.5118520259857178,0.7766908407211304,0.68112904,1.0451227,0.07116186618804932
1026_15-2.npz,1026_15,1026,2,16584,2.2196264266967773,0.8463765978813171,1.15625,1.4465785026550293,0.7281860113143921,1.00971519947052,1.8281519412994385,10.0051241874695,30.175927925109747,161.87845947265583,8.276986122131348,26.66330556869506,156.72851974487182,0.8730099269526128,1.4902340173721313,0.7590607404708862,0.6713896,1.0301784,0.07116186618804932,1.5176151990890503,0.7587102651596069,0.6837255,1.0491067,0.09459936618804932
1026_15-3.npz,1026_15,1026,3,16584,2.2196264266967773,0.8463765978813171,1.15625,1.4465785026550293,0.7281860113143921,1.00971519947052,1.8281519412994385,10.828515911102302,29.844638824462884,154.25492523193353,8.017402648925783,23.834924221038808,139.72029296874996,0.8140589569160998,1.533252477645874,0.7646884918212891,0.6907705,1.0599165,0.09459936618804932,1.5354254245758057,0.7705550193786621,0.69174945,1.0614187,0.10241186618804932
1026_15-4.npz,1026_15,1026,4,16584,2.2196264266967773,0.8463765978813171,1.15625,1.4465785026550293,0.7281860113143921,1.00971519947052,1.8281519412994385,11.16689834594727,32.45972805023105,154.3395469665527,8.488745498657229,24.302758407592734,130.10899475097543,0.7801513128615932,1.4787201881408691,0.7590607404708862,0.6662023,1.0222191,0.03991198539733887,1.537414312362671,0.7668843269348145,0.69264555,1.0627936,0.09459936618804932
1026_16-0.npz,1026_16,1026,0,20522,1.96875,0.8155348896980286,1.25,1.1778500080108643,0.782219409942627,0.9637563228607178,1.5741380453109741,16.22430038452151,72.63929405212383,265.26240783691253,13.517784976959236,57.5176198959348,235.0115054321282,0.8346940647647005,1.3791130781173706,0.8046948909759521,0.70050186,1.1708733,0.20711195468902588,1.3009471893310547,0.816421627998352,0.66079855,1.1045101,0.12898695468902588
1026_16-1.npz,1026_16,1026,1,20522,1.96875,0.8155348896980286,1.25,1.1778500080108643,0.782219409942627,0.9637563228607178,1.5741380453109741,20.84822635650641,80.55994033813467,302.1375131225581,17.7612476348877,61.585292625427236,272.330671997067,0.823985408116735,1.3812525272369385,0.8242341876029968,0.7015886,1.1726897,0.20711195468902588,1.3812525272369385,0.8242341876029968,0.7015886,1.1726897,0.20711195468902588
1026_16-2.npz,1026_16,1026,2,20522,1.96875,0.8155348896980286,1.25,1.1778500080108643,0.782219409942627,0.9637563228607178,1.5741380453109741,20.845250701904305,88.22158164978023,262.18367034912103,15.565920066833502,66.33789367675719,275.1535879516598,0.8132366273798731,1.351692795753479,0.8242217302322388,0.6865741,1.1475933,0.17586195468902588,1.3031275272369385,0.8242217302322388,0.66190606,1.1063612,0.12898695468902588
1026_16-3.npz,1026_16,1026,3,20522,1.96875,0.8155348896980286,1.25,1.1778500080108643,0.782219409942627,0.9637563228607178,1.5741380453109741,22.413456916809142,105.2231079101561,355.5561837768544,19.482381629943852,93.99597702026291,320.4940933227535,0.861850679575498,1.4416117668151855,0.8164092302322388,0.73224723,1.2239349,0.2696119546890259,1.3166505098342896,0.8164092302322388,0.66877484,1.1178422,0.14461195468902588
1026_16-4.npz,1026_16,1026,4,20522,1.96875,0.8155348896980286,1.25,1.1778500080108643,0.782219409942627,0.9637563228607178,1.5741380453109741,21.36824779510507,87.309326934814,304.11499481201156,18.258466720581055,71.41538162231396,307.9675088500974,0.859254438969973,1.4259867668151855,0.8320466876029968,0.72431076,1.2106693,0.2539869546890259,1.4259836673736572,0.8086091876029968,0.72430915,1.2106667,0.2539869546890259
1026_18-0.npz,1026_18,1026,0,13759,1.9697283506393433,0.8161336183547974,1.15625,1.2068634033203125,0.7312278747558594,0.8707484602928162,1.6025550365447998,21.457424545288106,69.20030021667476,265.983577880859,19.48474597930909,62.97604541778554,269.933741455077,0.8468926031951242,0.6623727679252625,0.2734375,0.3362762,0.5488382,-0.5390766859054565,0.6623727679252625,0.265625,0.3362762,0.5488382,-0.5390766859054565
1026_18-1.npz,1026_18,1026,1,13759,1.9697283506393433,0.8161336183547974,1.15625,1.2068634033203125,0.7312278747558594,0.8707484602928162,1.6025550365447998,29.50390853881836,79.35151596069325,267.8476434326158,26.180673408508305,69.79615783691393,253.64134140014642,0.827485380116959,0.6232714653015137,0.2265937328338623,0.31642509,0.51643914,-0.5781391859054565,0.6316016912460327,0.24295201897621155,0.3206542,0.5233415,-0.5699300765991211
1026_18-2.npz,1026_18,1026,2,13759,1.9697283506393433,0.8161336183547974,1.15625,1.2068634033203125,0.7312278747558594,0.8707484602928162,1.6025550365447998,21.033555221557695,59.10940914154008,215.97936981201124,20.492126655578687,53.34724941253657,205.63528823852516,0.8839487565938207,0.6333737969398499,0.2520752549171448,0.3215539,0.52480984,-0.5699300765991211,0.6564146876335144,0.2734375,0.3332514,0.5439014,-0.5468891859054565
1026_18-3.npz,1026_18,1026,3,13759,1.9697283506393433,0.8161336183547974,1.15625,1.2068634033203125,0.7312278747558594,0.8707484602928162,1.6025550365447998,21.881147003173858,65.03367004394482,265.8856488037108,21.122298622131364,64.49913177490215,270.9181222534177,0.8497965223825379,0.6241627335548401,0.23995617032051086,0.31687757,0.51717764,-0.5772867202758789,0.5775750875473022,0.21960335969924927,0.29322577,0.47857535,-0.6238743662834167
1026_18-4.npz,1026_18,1026,4,13759,1.9697283506393433,0.8161336183547974,1.15625,1.2068634033203125,0.7312278747558594,0.8707484602928162,1.6025550365447998,27.222681236267093,72.14715309143034,246.1142143249497,23.136513519287153,64.37511062622063,230.035998535156,0.8421295017039698,0.6545602679252625,0.2656248211860657,0.33230993,0.54236484,-0.5468891859054565,0.6630929112434387,0.2656248211860657,0.33664182,0.54943496,-0.5383565425872803
1026_20-0.npz,1026_20,1026,0,8064,1.2818717956542969,0.8143993020057678,1.15625,0.5187200307846069,0.4891543388366699,0.6099910140037537,0.8899456262588501,0.9132261335849771,4.762859606742811,74.07496200561458,0.706774836778645,3.8757416009902443,45.2171075439448,0.8914318138831095,0.6281870603561401,0.4765697717666626,0.49005452,1.211033,0.11067616939544678,0.6274030208587646,0.4765717387199402,0.48944288,1.2095215,0.11067616939544678
1026_20-1.npz,1026_20,1026,1,8064,1.2818717956542969,0.8143993020057678,1.15625,0.5187200307846069,0.4891543388366699,0.6099910140037537,0.8899456262588501,0.8601043939590477,4.495375657081592,71.15098442077617,0.7372213959693931,3.809444236755371,48.6335726165767,0.904036557501904,0.6281870603561401,0.4688372015953064,0.49005452,1.211033,0.11067616939544678,0.6274030208587646,0.47077029943466187,0.48944288,1.2095215,0.11067616939544678
1026_20-2.npz,1026_20,1026,2,8064,1.2818717956542969,0.8143993020057678,1.15625,0.5187200307846069,0.4891543388366699,0.6099910140037537,0.8899456262588501,0.9070038855075838,5.057886099815366,73.8453923034664,0.8062532603740719,4.113067269325246,60.40753223419085,0.9177294083804776,0.6359995603561401,0.4726870656013489,0.49614912,1.2260941,0.11848866939544678,0.6438120603561401,0.47467634081840515,0.5022437,1.2411551,0.12630116939544678
1026_20-3.npz,1026_20,1026,3,8064,1.2818717956542969,0.8143993020057678,1.15625,0.5187200307846069,0.4891543388366699,0.6099910140037537,0.8899456262588501,0.8602023243904116,4.509254050254812,70.51595825195253,0.7916292786598216,4.074973416328384,82.44212791442827,0.9353590090961873,0.6281870603561401,0.4708460569381714,0.49005452,1.211033,0.11067616939544678,0.6281870603561401,0.4688278138637543,0.49005452,1.211033,0.11067616939544678
1026_20-4.npz,1026_20,1026,4,8064,1.2818717956542969,0.8143993020057678,1.15625,0.5187200307846069,0.4891543388366699,0.6099910140037537,0.8899456262588501,1.0090660452842737,5.622004508972163,92.63605789184552,1.0116134285926868,5.3391013622283925,86.71900871276775,0.9657951641438962,0.6359995603561401,0.47290053963661194,0.49614912,1.2260941,0.11848866939544678,0.6438120603561401,0.4730167090892792,0.5022437,1.2411551,0.12630116939544678
1026_21-0.npz,1026_21,1026,0,12179,2.0947513580322266,0.8148989677429199,1.1875,1.330742359161377,0.7285071015357971,0.8925673961639404,1.7078330516815186,9.81147069931032,42.1449363708492,166.19011108398428,8.185497283935549,34.140829277038435,171.24207092285155,0.8862586060548902,1.5548973083496094,0.7509543895721436,0.7422825,1.1684436,0.23066818714141846,1.554608702659607,0.7587427496910095,0.74214476,1.1682267,0.23066818714141846
1026_21-1.npz,1026_21,1026,1,12179,2.0947513580322266,0.8148989677429199,1.1875,1.330742359161377,0.7285071015357971,0.8925673961639404,1.7078330516815186,7.796272802352909,34.603919792175176,186.0914718627929,6.233213901519776,30.348917961120417,168.6069422912596,0.893760060600322,1.5704128742218018,0.7587427496910095,0.7496894,1.1801028,0.26191818714141846,1.6057162284851074,0.7665458917617798,0.7665426,1.2066319,0.293168306350708
1026_21-2.npz,1026_21,1026,2,12179,2.0947513580322266,0.8148989677429199,1.1875,1.330742359161377,0.7285071015357971,0.8925673961639404,1.7078330516815186,6.794891357421905,37.61521453857375,207.7158178710937,6.19974036216737,34.225085830688464,212.13927978515588,0.918281220026856,1.609569787979126,0.7665469646453857,0.76838225,1.2095277,0.293168306350708,1.5744662284851074,0.7666051387786865,0.7516244,1.1831489,0.26191818714141846
1026_21-3.npz,1026_21,1026,3,12179,2.0947513580322266,0.8148989677429199,1.1875,1.330742359161377,0.7285071015357971,0.8925673961639404,1.7078330516815186,9.632767391204847,41.61703376769993,227.2719279479969,7.192262697219862,35.02409973144524,219.43134262084956,0.8563207722294413,1.554608702659607,0.7666040658950806,0.74214476,1.1682267,0.23066818714141846,1.5548973083496094,0.7744531631469727,0.7422825,1.1684436,0.23066818714141846
1026_21-4.npz,1026_21,1026,4,12179,2.0947513580322266,0.8148989677429199,1.1875,1.330742359161377,0.7285071015357971,0.8925673961639404,1.7078330516815186,11.073465061187747,40.67337226867672,170.7254168701171,8.36818723678595,34.3532712936401,172.00259262084944,0.838404265097895,1.5080223083496094,0.758731484413147,0.71990514,1.1332189,0.18379318714141846,1.5471673011779785,0.750918447971344,0.7385923,1.1626347,0.23066818714141846
1026_22-0.npz,1026_22,1026,0,21981,2.1253747940063477,0.8756461143493652,1.1875,1.408155918121338,0.77003014087677,1.0629026889801025,1.7805593013763428,5.014833545684823,27.2825677871703,178.5396000671379,4.063520336151128,20.311392211913745,182.93560928344698,0.8850141376060321,1.6998281478881836,0.8212028741836548,0.79977804,1.2071307,0.2979404926300049,1.6998281478881836,0.8203125,0.79977804,1.2071307,0.2979404926300049
1026_22-1.npz,1026_22,1026,1,21981,2.1253747940063477,0.8756461143493652,1.1875,1.408155918121338,0.77003014087677,1.0629026889801025,1.7805593013763428,5.254749488830571,28.896323394775326,194.38246383666623,4.387662267684986,24.00116767883293,194.81387344360317,0.8855472800980485,1.5904531478881836,0.8291376829147339,0.7483166,1.1294581,0.18856537342071533,1.5434510707855225,0.8290140628814697,0.72620183,1.0960797,0.14169037342071533
1026_22-2.npz,1026_22,1026,2,21981,2.1253747940063477,0.8756461143493652,1.1875,1.408155918121338,0.77003014087677,1.0629026889801025,1.7805593013763428,5.13140931129458,29.219699954986535,171.81178588867155,4.405049991607669,24.15699167251574,178.71085800170857,0.8948365703458077,1.6998281478881836,0.8203126192092896,0.79977804,1.2071307,0.2979404926300049,1.6998281478881836,0.8203125,0.79977804,1.2071307,0.2979404926300049
1026_22-3.npz,1026_22,1026,3,21981,2.1253747940063477,0.8756461143493652,1.1875,1.408155918121338,0.77003014087677,1.0629026889801025,1.7805593013763428,5.5524816036224705,31.82273597717278,194.25773925781206,4.802875232696539,23.96034564971922,185.76599075317117,0.8802293879853342,1.6998281478881836,0.8208616375923157,0.79977804,1.2071307,0.2979404926300049,1.6060781478881836,0.8203126192092896,0.7556682,1.1405542,0.20419037342071533
1026_22-4.npz,1026_22,1026,4,21981,2.1253747940063477,0.8756461143493652,1.1875,1.408155918121338,0.77003014087677,1.0629026889801025,1.7805593013763428,4.562060308456438,29.6790014266966,192.19994873046838,3.7000097274780277,24.305791187286324,176.5037757873535,0.9160758766047136,1.6997013092041016,0.8291378021240234,0.7997184,1.2070405,0.2979404926300049,1.6994808912277222,0.8289220333099365,0.79961467,1.206884,0.2979404926300049
1026_24-0.npz,1026_24,1026,0,15335,1.938764214515686,0.8164342641830444,0.875,1.1748545169830322,0.3979414403438568,0.8892367482185364,1.5462108850479126,10.170223999023454,40.25957279205318,192.78011856078913,8.728300666809096,35.01752586364746,195.0434982299794,0.8675880100849752,1.0646767616271973,0.3418915867805481,0.54915226,0.9062201,-0.09160315990447998,1.139021635055542,0.3505419194698334,0.5874988,0.9695001,-0.021384358406066895
1026_24-1.npz,1026_24,1026,1,15335,1.938764214515686,0.8164342641830444,0.875,1.1748545169830322,0.3979414403438568,0.8892367482185364,1.5462108850479126,10.001606178283694,41.3519727706909,190.2489657592769,8.889311599731466,36.98910980224601,187.09374298095608,0.8869704689121615,1.0564701557159424,0.3418915569782257,0.5449194,0.8992349,-0.09007620811462402,1.1328651905059814,0.3711424171924591,0.58432335,0.96426,-0.013681173324584961
1026_24-2.npz,1026_24,1026,2,15335,1.938764214515686,0.8164342641830444,0.875,1.1748545169830322,0.3979414403438568,0.8892367482185364,1.5462108850479126,9.593350124359134,36.72000465393039,181.48375762939423,8.794322013854982,34.40423278808591,178.42014465331982,0.8474043968224645,1.0467500686645508,0.3575165867805481,0.5399058,0.8909614,-0.10564076900482178,1.0226082801818848,0.3575165867805481,0.52745366,0.8704127,-0.12978506088256836
1026_24-3.npz,1026_24,1026,3,15335,1.938764214515686,0.8164342641830444,0.875,1.1748545169830322,0.3979414403438568,0.8892367482185364,1.5462108850479126,9.400355911254886,35.557823753356885,186.08786331176722,7.566669130325329,30.01520853042592,174.6577259826653,0.8721332958906675,1.2333645820617676,0.35993343591690063,0.6361602,1.049802,0.08067381381988525,1.229137897491455,0.3599094748497009,0.6339801,1.0462043,0.08067381381988525
1026_24-4.npz,1026_24,1026,4,15335,1.938764214515686,0.8164342641830444,0.875,1.1748545169830322,0.3979414403438568,0.8892367482185364,1.5462108850479126,12.410492229461685,38.51676959991442,211.29090911865214,10.20787229537964,34.90841407775875,215.6603440856921,0.847063169560399,1.0188817977905273,0.3418915867805481,0.5255316,0.86724085,-0.12964189052581787,1.1271393299102783,0.3497040867805481,0.58137,0.9593863,-0.021384358406066895
1026_25-0.npz,1026_25,1026,0,19119,1.9071705341339111,0.8152087330818176,1.1875,1.1538257598876953,0.7596521377563477,0.9287623763084412,1.5267606973648071,5.118508911132818,31.559308910369747,181.5063652038573,4.112742042541505,26.26823835372913,170.48104202270443,0.8921475875118259,1.4083912372589111,0.8085938692092896,0.73847157,1.2206273,0.271034836769104,1.4240162372589111,0.8085938692092896,0.74666435,1.2341692,0.286659836769104
1026_25-1.npz,1026_25,1026,1,19119,1.9071705341339111,0.8152087330818176,1.1875,1.1538257598876953,0.7596521377563477,0.9287623763084412,1.5267606973648071,7.851838731765753,43.18139419555662,237.94829498290875,5.912701606750489,33.11009826660153,212.79563156127887,0.8946570670708601,1.4492757320404053,0.8007813692092896,0.75990885,1.2560612,0.302284836769104,1.4511733055114746,0.8007813692092896,0.7609038,1.2577058,0.302284836769104
1026_25-2.npz,1026_25,1026,2,19119,1.9071705341339111,0.8152087330818176,1.1875,1.1538257598876953,0.7596521377563477,0.9287623763084412,1.5267606973648071,6.586489963531505,39.31958103179925,246.596894378662,5.362014245986967,33.9123451232908,239.08059280395494,0.8939393939393939,1.4865162372589111,0.8085947036743164,0.7794354,1.2883369,0.349159836769104,1.4865162372589111,0.8125001192092896,0.7794354,1.2883369,0.349159836769104
1026_25-3.npz,1026_25,1026,3,19119,1.9071705341339111,0.8152087330818176,1.1875,1.1538257598876953,0.7596521377563477,0.9287623763084412,1.5267606973648071,5.875876188278215,36.96227149963366,198.30279708862258,4.917933607101443,33.59216423034628,176.54695159912106,0.9184652278177458,1.4902710914611816,0.8007813692092896,0.7814042,1.291591,0.349159836769104,1.4904444217681885,0.8008421659469604,0.7814951,1.2917414,0.349159836769104
1026_25-4.npz,1026_25,1026,4,19119,1.9071705341339111,0.8152087330818176,1.1875,1.1538257598876953,0.7596521377563477,0.9287623763084412,1.5267606973648071,6.124208402633668,36.4893127441404,225.65281982421735,5.230488491058368,31.17634687423696,192.64363616943268,0.9179133103183736,1.4961507320404053,0.8046875,0.7844871,1.2966869,0.349159836769104,1.4961507320404053,0.7969005703926086,0.7844871,1.2966869,0.349159836769104
1026_26-0.npz,1026_26,1026,0,16275,1.938372015953064,0.816469669342041,1.28125,1.168208360671997,0.8089940547943115,0.9126933217048645,1.5474268198013306,17.776665687561067,50.839435958862275,203.2361408996582,15.458974456787134,44.81810245513911,185.1587873840332,0.8770530267480057,1.402580738067627,0.8359375,0.723587,1.2006255,0.2503201961517334,1.40433669090271,0.8398452997207642,0.72449285,1.2021286,0.2503201961517334
1026_26-1.npz,1026_26,1026,1,16275,1.938372015953064,0.816469669342041,1.28125,1.168208360671997,0.8089940547943115,0.9126933217048645,1.5474268198013306,16.521256065368682,55.37442798614478,213.2224244689941,11.248017597198492,43.322791481017944,192.49818817138572,0.8358729575913347,1.4296667575836182,0.8476577997207642,0.7375606,1.2238114,0.2659451961517334,1.4531443119049072,0.8632827997207642,0.74967253,1.2439085,0.2971951961517334
1026_26-2.npz,1026_26,1026,2,16275,1.938372015953064,0.816469669342041,1.28125,1.168208360671997,0.8089940547943115,0.9126933217048645,1.5474268198013306,8.223874664306662,41.42856197357175,193.7755160522454,7.008744192123431,35.471140098571134,199.31636566161967,0.9038553069966683,1.449455738067627,0.859375,0.74776965,1.240751,0.2971951961517334,1.449455738067627,0.8632827997207642,0.74776965,1.240751,0.2971951961517334
1026_26-3.npz,1026_26,1026,3,16275,1.938372015953064,0.816469669342041,1.28125,1.168208360671997,0.8089940547943115,0.9126933217048645,1.5474268198013306,11.858889198303245,60.92395629882764,240.33816696166969,9.464844131469729,47.369364738464334,206.1281356811522,0.9069412662090007,1.4826381206512451,0.859375,0.76488835,1.2691555,0.3284451961517334,1.4826381206512451,0.8671875,0.76488835,1.2691555,0.3284451961517334
1026_26-4.npz,1026_26,1026,4,16275,1.938372015953064,0.816469669342041,1.28125,1.168208360671997,0.8089940547943115,0.9126933217048645,1.5474268198013306,10.597074985504157,51.67040920257553,215.2675489807124,9.239681434631349,42.78863010406487,196.56667663574177,0.8628912071535022,1.4494131803512573,0.8515625,0.74774766,1.2407147,0.2971951961517334,1.4806631803512573,0.8437500596046448,0.76386946,1.267465,0.3284451961517334
1091_10-0.npz,1091_10,1091,0,3980,1.03125,0.8141000270843506,1.0,0.27892041206359863,0.21592187881469727,0.5089656114578247,0.662493884563446,1.2065231800306721e-07,3.4122643199907305e-07,5.698981608475146e-06,9.051091467426887e-08,3.114758669653372e-07,4.829267891182063e-06,0.8203331209611359,0.3594529926776886,0.21142321825027466,0.34856048,1.2887295,0.08750611543655396,0.3754691481590271,0.20941323041915894,0.3640913,1.3461516,0.10313111543655396
1091_10-1.npz,1091_10,1091,1,3980,1.03125,0.8141000270843506,1.0,0.27892041206359863,0.21592187881469727,0.5089656114578247,0.662493884563446,1.02475803487323e-07,3.064972830202344e-07,5.2192675457262525e-06,7.95006968701273e-08,2.562518346849142e-07,4.235593701196189e-06,0.7975912277548085,0.3910941481590271,0.21130239963531494,0.3792428,1.4021711,0.11875611543655396,0.3598441481590271,0.21145325899124146,0.34893978,1.290132,0.08750611543655396
1091_10-2.npz,1091_10,1091,2,3980,1.03125,0.8141000270843506,1.0,0.27892041206359863,0.21592187881469727,0.5089656114578247,0.662493884563446,1.1639733870083554e-07,4.088640054078478e-07,5.286431269269066e-06,8.497475363355991e-08,2.8853094420355773e-07,3.964275583712137e-06,0.8143880976140796,0.29501470923423767,0.21142321825027466,0.28607488,1.0577021,0.0211026668548584,0.3536056578159332,0.209600031375885,0.34289032,1.2677654,0.07969361543655396
1091_10-3.npz,1091_10,1091,3,3980,1.03125,0.8141000270843506,1.0,0.27892041206359863,0.21592187881469727,0.5089656114578247,0.662493884563446,1.291971003070103e-07,3.488598423473369e-07,4.903874028059344e-06,8.852338879705723e-08,2.576765496087311e-07,4.729976021735636e-06,0.7881090746535538,0.3614181578159332,0.20968735218048096,0.3504661,1.2957752,0.08750611543655396,0.3832816481590271,0.21114909648895264,0.37166706,1.3741614,0.11094361543655396
1091_10-4.npz,1091_10,1091,4,3980,1.03125,0.8141000270843506,1.0,0.27892041206359863,0.21592187881469727,0.5089656114578247,0.662493884563446,1.4332601523392493e-07,4.3012972241740486e-07,5.665815851898414e-06,9.611287197230961e-08,2.850300731438422e-07,4.630977905435366e-06,0.793400286944046,0.3692306578159332,0.21118813753128052,0.35804185,1.323785,0.09531861543655396,0.3832816481590271,0.21130239963531494,0.37166706,1.3741614,0.11094361543655396
1091_11-0.npz,1091_11,1091,0,21416,2.031783103942871,0.8164006471633911,1.1875,1.2675623893737793,0.7348417043685913,1.0007641315460205,1.6397442817687988,13.467538738250761,37.15631580352761,213.55963821411098,10.849093246459976,30.947872257232415,194.23237136840794,0.8206645425580337,1.3711994886398315,0.7548589706420898,0.67487496,1.081761,0.11078870296478271,1.3732659816741943,0.7664816379547119,0.675892,1.0833912,0.11078870296478271
1091_11-1.npz,1091_11,1091,1,21416,2.031783103942871,0.8164006471633911,1.1875,1.2675623893737793,0.7348417043685913,1.0007641315460205,1.6397442817687988,15.580029201507578,46.61358242034909,245.63379196166977,13.217555809020997,36.03515739440907,201.66897491454876,0.8117583114412538,1.361562728881836,0.7700561285018921,0.6701319,1.0741583,0.10297620296478271,1.3732659816741943,0.7739412784576416,0.675892,1.0833912,0.11078870296478271
1091_11-2.npz,1091_11,1091,2,21416,2.031783103942871,0.8164006471633911,1.1875,1.2675623893737793,0.7348417043685913,1.0007641315460205,1.6397442817687988,18.488382720947317,48.676354980468695,221.93062301635658,14.173531150817892,37.239724731444824,228.83486297607413,0.763668430335097,1.359297513961792,0.7626791000366211,0.669017,1.0723712,0.09516370296478271,1.374922513961792,0.7743270397186279,0.6767073,1.0846981,0.11078870296478271
1091_11-3.npz,1091_11,1091,3,21416,2.031783103942871,0.8164006471633911,1.1875,1.2675623893737793,0.7348417043685913,1.0007641315460205,1.6397442817687988,11.96633663177491,35.44966659545875,200.17720230102455,9.319767665863045,32.15288772583007,204.07993911743122,0.8350307367648409,1.3711459636688232,0.7666349411010742,0.6748486,1.0817187,0.11078870296478271,1.3713308572769165,0.7666363716125488,0.6749396,1.0818646,0.11078870296478271
1091_11-4.npz,1091_11,1091,4,21416,2.031783103942871,0.8164006471633911,1.1875,1.2675623893737793,0.7348417043685913,1.0007641315460205,1.6397442817687988,13.74523983001711,46.56753597259493,205.93727539062462,10.43637952804566,33.308894538879144,179.9479707336412,0.8034265103697025,1.3711994886398315,0.7587441205978394,0.67487496,1.081761,0.11078870296478271,1.3732659816741943,0.7586745619773865,0.675892,1.0833912,0.11078870296478271
1091_12-0.npz,1091_12,1091,0,16619,2.0007262229919434,0.8167292475700378,1.15625,1.2271078824996948,0.7268058061599731,0.9803001284599304,1.6097383499145508,4.307849740982087,31.1580517768859,168.92599380493164,3.147990059852648,25.827199363708363,138.6272712707518,0.9074868860276586,1.5214354991912842,0.7705304026603699,0.7604416,1.2398547,0.29723799228668213,1.5371804237365723,0.766609251499176,0.7683112,1.2526857,0.31286299228668213
1091_12-1.npz,1091_12,1091,1,16619,2.0007262229919434,0.8167292475700378,1.15625,1.2271078824996948,0.7268058061599731,0.9803001284599304,1.6097383499145508,3.4047787427902345,23.75957870483372,143.79656326293934,2.1040440320968643,20.04291753768862,144.88365966796763,0.8761726078799249,1.4983848333358765,0.7665121555328369,0.7489205,1.2210702,0.28161299228668213,1.5021471977233887,0.7743480205535889,0.75080097,1.2241362,0.28161299228668213
1091_12-2.npz,1091_12,1091,2,16619,2.0007262229919434,0.8167292475700378,1.15625,1.2271078824996948,0.7268058061599731,0.9803001284599304,1.6097383499145508,3.177808284759533,23.925556182861172,182.06948440551622,2.578580284118658,20.485040187835537,166.84020996093702,0.9083969465648855,1.5352506637573242,0.7763699293136597,0.7673467,1.251113,0.31286299228668213,1.5196256637573242,0.7822476625442505,0.75953704,1.2383798,0.29723799228668213
1091_12-3.npz,1091_12,1091,3,16619,2.0007262229919434,0.8167292475700378,1.15625,1.2271078824996948,0.7268058061599731,0.9803001284599304,1.6097383499145508,5.193396997451785,30.80152530670161,169.41496490478514,3.93491396903992,23.629521465301437,142.83017013549804,0.9109497420217848,1.5040006637573242,0.7626506090164185,0.75172734,1.2256466,0.28161299228668213,1.4102506637573242,0.7626506090164185,0.7048694,1.1492475,0.18786299228668213
1091_12-4.npz,1091_12,1091,4,16619,2.0007262229919434,0.8167292475700378,1.15625,1.2271078824996948,0.7268058061599731,0.9803001284599304,1.6097383499145508,3.594593286514288,27.329415321350098,158.07532150268437,2.931020307540898,23.329201316833366,132.67182296752884,0.9282684149633629,1.4727506637573242,0.7705304026603699,0.73610806,1.2001803,0.25036299228668213,1.4745604991912842,0.7821515798568726,0.7370126,1.2016551,0.25036299228668213
1091_13-0.npz,1091_13,1091,0,19919,2.03220272064209,0.8160061836242676,1.15625,1.2891266345977783,0.7287094593048096,0.9769615530967712,1.6651655435562134,11.164719104766894,35.90804462432844,194.77161544799782,8.351480770111086,31.019300842285148,170.42370697021434,0.8178512997636793,1.0295501947402954,0.6295860409736633,0.50661784,0.7986416,-0.23651492595672607,1.0450433492660522,0.6219528317451477,0.5142417,0.81065995,-0.22671282291412354
1091_13-1.npz,1091_13,1091,1,19919,2.03220272064209,0.8160061836242676,1.15625,1.2891266345977783,0.7287094593048096,0.9769615530967712,1.6651655435562134,12.987537765502957,37.5665502548214,207.3292054748529,9.678741741180426,30.6047300338745,173.05497970581047,0.8244845831052727,1.0487902164459229,0.6295860409736633,0.51608545,0.8135665,-0.23651492595672607,1.1192845106124878,0.6288530230522156,0.55077404,0.86825025,-0.16421282291412354
1091_13-2.npz,1091_13,1091,2,19919,2.03220272064209,0.8160061836242676,1.15625,1.2891266345977783,0.7287094593048096,0.9769615530967712,1.6651655435562134,13.411936187744145,37.13156700134277,207.14819122314447,10.851023674011236,34.29767742156981,199.72719284057604,0.8019641409135958,1.0449621677398682,0.6139522790908813,0.51420176,0.810597,-0.23651492595672607,1.0295501947402954,0.6141912937164307,0.50661784,0.7986416,-0.23651492595672607
1091_13-3.npz,1091_13,1091,3,19919,2.03220272064209,0.8160061836242676,1.15625,1.2891266345977783,0.7287094593048096,0.9769615530967712,1.6651655435562134,14.756795310974148,38.620187950134245,239.7198806762671,11.288458156585698,31.972555923461865,224.7483837890623,0.7876296031462281,1.0487980842590332,0.6065224409103394,0.5160893,0.8135726,-0.23651492595672607,1.0585923194885254,0.6072779893875122,0.52090883,0.82117015,-0.22671282291412354
1091_13-4.npz,1091_13,1091,4,19919,2.03220272064209,0.8160061836242676,1.15625,1.2891266345977783,0.7287094593048096,0.9769615530967712,1.6651655435562134,11.185511875152592,35.894905662536615,205.18085784912105,9.528240299224864,37.748906135558975,223.769081573485,0.8635855385762207,1.031407117843628,0.6210405230522156,0.5075316,0.8000821,-0.23651492595672607,1.031407117843628,0.6141912937164307,0.5075316,0.8000821,-0.23651492595672607
1091_14-0.npz,1091_14,1091,0,15192,1.7197902202606201,0.8161946535110474,0.875,0.9332199692726135,0.43200552463531494,0.8121945261955261,1.3281878232955933,28.143911552429206,88.74042625427245,284.2595944213863,23.998774719238288,77.35186920166015,275.524408874511,0.8063583815028902,0.9210798144340515,0.4475027322769165,0.5355768,0.9869911,-0.008008122444152832,0.9210798144340515,0.43968987464904785,0.5355768,0.9869911,-0.008008122444152832
1091_14-1.npz,1091_14,1091,1,15192,1.7197902202606201,0.8161946535110474,0.875,0.9332199692726135,0.43200552463531494,0.8121945261955261,1.3281878232955933,28.478424644470294,93.97254409790038,307.1010241699208,21.89724922180177,71.8757999420164,245.39335433959866,0.8079913216416561,0.9417834877967834,0.43963634967803955,0.54761535,1.0091763,0.012695550918579102,0.924118161201477,0.4435426592826843,0.53734356,0.9902469,-0.0008603334426879883
1091_14-2.npz,1091_14,1091,2,15192,1.7197902202606201,0.8161946535110474,0.875,0.9332199692726135,0.43200552463531494,0.8121945261955261,1.3281878232955933,26.907848167419527,85.8976886749265,243.12253906249978,22.69869499206544,67.71214866638178,261.7973159790038,0.8157058556513844,0.9297873377799988,0.451355516910553,0.54064,0.99632174,0.004880189895629883,0.9376774430274963,0.451355516910553,0.5452278,1.0047765,0.012695550918579102
1091_14-3.npz,1091_14,1091,3,15192,1.7197902202606201,0.8161946535110474,0.875,0.9332199692726135,0.43200552463531494,0.8121945261955261,1.3281878232955933,29.1415060043335,89.84415473937962,315.110345458984,24.981171989440934,75.48499374389645,335.3231829833982,0.8122508155128669,0.9417834877967834,0.4475027322769165,0.54761535,1.0091763,0.012695550918579102,0.9456903338432312,0.4610258936882019,0.549887,1.0133628,0.016602396965026855
1091_14-4.npz,1091_14,1091,4,15192,1.7197902202606201,0.8161946535110474,0.875,0.9332199692726135,0.43200552463531494,0.8121945261955261,1.3281878232955933,27.242585945129402,92.75020370483388,319.8742413330066,23.17237911224367,72.73248138427608,317.6430328369139,0.8273184102329831,0.9417834877967834,0.4512040615081787,0.54761535,1.0091763,0.012695550918579102,0.9456903338432312,0.45321330428123474,0.549887,1.0133628,0.016602396965026855
1091_15-0.npz,1091_15,1091,0,20983,2.126049041748047,0.815740704536438,1.28125,1.3611326217651367,0.8424524068832397,1.0684704780578613,1.7513642311096191,24.333246231079105,92.13719520568822,306.342581787108,17.75533180236818,66.45234603881826,263.8564160156245,0.8308311973636031,1.6230719089508057,0.8798954486846924,0.76342165,1.1924422,0.26530981063842773,1.6504675149917603,0.8624616861343384,0.77630734,1.2125692,0.29655981063842773
1091_15-1.npz,1091_15,1091,1,20983,2.126049041748047,0.815740704536438,1.28125,1.3611326217651367,0.8424524068832397,1.0684704780578613,1.7513642311096191,22.701733970642096,89.96406211853026,271.7805236816401,16.250138092041023,78.16872291564898,275.82956176757807,0.8130722509291995,1.652590036392212,0.8711477518081665,0.7773057,1.2141286,0.29655981063842773,1.6508643627166748,0.8789602518081665,0.776494,1.2128608,0.29655981063842773
1091_15-2.npz,1091_15,1091,2,20983,2.126049041748047,0.815740704536438,1.28125,1.3611326217651367,0.8424524068832397,1.0684704780578613,1.7513642311096191,27.587619209289706,137.4852096557616,499.2126239013648,22.52078647613528,121.35694122314447,444.27369506835726,0.8570102135561746,1.6699469089508057,0.8720030784606934,0.7854696,1.2268804,0.31218481063842773,1.6699469089508057,0.8758562803268433,0.7854696,1.2268804,0.31218481063842773
1091_15-3.npz,1091_15,1091,3,20983,2.126049041748047,0.815740704536438,1.28125,1.3611326217651367,0.8424524068832397,1.0684704780578613,1.7513642311096191,30.73114795684817,121.98255119323726,393.0261987304658,26.062184333801284,97.31120567321743,328.9340258789062,0.8539117538005191,1.6699469089508057,0.8641291856765747,0.7854696,1.2268804,0.31218481063842773,1.6543219089508057,0.8671884536743164,0.7781203,1.2154009,0.29655981063842773
1091_15-4.npz,1091_15,1091,4,20983,2.126049041748047,0.815740704536438,1.28125,1.3611326217651367,0.8424524068832397,1.0684704780578613,1.7513642311096191,27.454074287414613,101.4905948638902,408.5545263671868,23.74261894226075,88.84905738830491,421.59874389648274,0.8635855385762207,1.6664893627166748,0.8750009536743164,0.78384334,1.2243402,0.31218481063842773,1.6662161350250244,0.8679893016815186,0.78371483,1.2241395,0.31218481063842773
1091_16-0.npz,1091_16,1091,0,22681,2.0011324882507324,0.8452391624450684,1.28125,1.2425014972686768,0.8610740303993225,1.037308931350708,1.6277754306793213,25.485392951965338,71.52051620483391,260.7924685668942,19.779586029052744,56.444128417968564,250.9341545104964,0.7853954650955186,1.5352113246917725,0.8867278099060059,0.76717126,1.235581,0.3108571767807007,1.5352113246917725,0.8789154291152954,0.76717126,1.235581,0.3108571767807007
1091_16-1.npz,1091_16,1091,1,22681,2.0011324882507324,0.8452391624450684,1.28125,1.2425014972686768,0.8610740303993225,1.037308931350708,1.6277754306793213,22.16709156036377,63.494264411926,244.72417770385695,17.250004196167037,54.211210060119456,226.29338821411085,0.7946877243359656,1.5412726402282715,0.8750007152557373,0.7702002,1.2404594,0.3108571767807007,1.547118067741394,0.8867276906967163,0.77312124,1.2451639,0.3108571767807007
1091_16-2.npz,1091_16,1091,2,22681,2.0011324882507324,0.8452391624450684,1.28125,1.2425014972686768,0.8610740303993225,1.037308931350708,1.6277754306793213,28.108281517028818,87.59786682128893,276.17130554199116,22.926053619384803,67.33190040588363,271.750536804199,0.8125793003443901,1.5278174877166748,0.8789154291152954,0.76347643,1.2296304,0.3108571767807007,1.5331902503967285,0.8867278099060059,0.76616126,1.2339544,0.3108571767807007
1091_16-3.npz,1091_16,1091,3,22681,2.0011324882507324,0.8452391624450684,1.28125,1.2425014972686768,0.8610740303993225,1.037308931350708,1.6277754306793213,25.430884742736822,69.69991111755355,262.2225799560539,21.582473754882834,59.66637058258029,265.38879028320076,0.7826900793297086,1.480576992034912,0.8828130960464478,0.73986953,1.1916099,0.24835717678070068,1.4747804403305054,0.8828131556510925,0.7369729,1.1869446,0.24835717678070068
1091_16-4.npz,1091_16,1091,4,22681,2.0011324882507324,0.8452391624450684,1.28125,1.2425014972686768,0.8610740303993225,1.037308931350708,1.6277754306793213,38.463856887817386,105.84215850830061,454.17396575927734,28.773720932006846,86.9278129577622,405.68243041992156,0.7323516673884799,1.5492360591888428,0.8751282691955566,0.77417964,1.2468686,0.3108571767807007,1.5491275787353516,0.8829406499862671,0.77412546,1.2467812,0.3108571767807007
1091_17-0.npz,1091_17,1091,0,18432,2.00113844871521,0.8151856064796448,1.15625,1.2249619960784912,0.720270037651062,0.9593102335929871,1.6208794116973877,29.617595291137732,103.71385650634656,303.98023132324175,19.767121696472184,76.11167411804124,306.0534320068344,0.7613386173491854,1.398519515991211,0.7422046661376953,0.69886196,1.141684,0.17713403701782227,1.476644515991211,0.7539068460464478,0.7379022,1.2054615,0.25525903701782227
1091_17-1.npz,1091_17,1091,1,18432,2.00113844871521,0.8151856064796448,1.15625,1.2249619960784912,0.720270037651062,0.9593102335929871,1.6208794116973877,26.72770576477051,90.80690383911124,289.8741030883785,21.48841648101809,79.44065628051753,278.7874951171865,0.8175209014903672,1.3341079950332642,0.7617193460464478,0.6666745,1.0891016,0.11463403701782227,1.365451455116272,0.7393534183502197,0.68233734,1.1146889,0.14588403701782227
1091_17-2.npz,1091_17,1091,2,18432,2.00113844871521,0.8151856064796448,1.15625,1.2249619960784912,0.720270037651062,0.9593102335929871,1.6208794116973877,30.976790046691967,90.6272506713866,250.40053909301733,24.59905090332034,72.80182113647459,223.99401641845625,0.808154778049001,1.328207015991211,0.7421875,0.6637257,1.0842843,0.10682153701782227,1.367269515991211,0.7422205805778503,0.68324584,1.116173,0.14588403701782227
1091_17-3.npz,1091_17,1091,3,18432,2.00113844871521,0.8151856064796448,1.15625,1.2249619960784912,0.720270037651062,0.9593102335929871,1.6208794116973877,32.42684822082526,112.16587524414025,353.9939733886704,25.412177658081074,89.42042655944802,301.8339947509764,0.7795177506895631,1.367269515991211,0.7422205209732056,0.68324584,1.116173,0.14588403701782227,1.396701455116272,0.7539783120155334,0.69795346,1.1401998,0.17713403701782227
1091_17-4.npz,1091_17,1091,4,18432,2.00113844871521,0.8151856064796448,1.15625,1.2249619960784912,0.720270037651062,0.9593102335929871,1.6208794116973877,22.971088790893553,77.52374458312971,249.88358810424626,17.7032619476319,67.0744415283203,240.92594573974546,0.8099547511312217,1.334201455116272,0.7343922257423401,0.6667212,1.0891778,0.11463403701782227,1.328207015991211,0.7343922257423401,0.6637257,1.0842843,0.10682153701782227
1091_18-0.npz,1091_18,1091,0,18506,1.8758676052093506,0.8160929679870605,1.09375,1.1111350059509277,0.6503149271011353,0.9143030047416687,1.504784107208252,8.348875331878675,34.286324691772315,215.8361245727535,8.153122138977054,31.846140003204148,218.7171362304651,0.9147917663954045,1.0706713199615479,0.47266697883605957,0.5707606,0.96358347,-0.03516650199890137,1.0706713199615479,0.47266697883605957,0.5707606,0.96358347,-0.03516650199890137
1091_18-1.npz,1091_18,1091,1,18506,1.8758676052093506,0.8160929679870605,1.09375,1.1111350059509277,0.6503149271011353,0.9143030047416687,1.504784107208252,8.852318191528328,36.16654434204086,225.3446723937986,8.055284976959273,32.60582809448237,197.7840170288074,0.8875047187617969,0.9905897378921509,0.46094778180122375,0.52807015,0.8915116,-0.11329150199890137,0.9923842549324036,0.46875205636024475,0.5290268,0.8931266,-0.11329150199890137
1091_18-2.npz,1091_18,1091,2,18506,1.8758676052093506,0.8160929679870605,1.09375,1.1111350059509277,0.6503149271011353,0.9143030047416687,1.504784107208252,9.614290523529053,34.63709354400627,210.70942703247044,9.074334716796887,32.223344612121345,223.54904586791992,0.8714325816412464,0.9181322455406189,0.4765778183937073,0.48944405,0.8263013,-0.17969775199890137,0.9280904531478882,0.488292396068573,0.49475265,0.83526343,-0.17579078674316406
1091_18-3.npz,1091_18,1091,3,18506,1.8758676052093506,0.8160929679870605,1.09375,1.1111350059509277,0.6503149271011353,0.9143030047416687,1.504784107208252,11.740692806243903,45.50356483459472,226.6209777832016,11.58745059967044,44.06394195556631,217.85310882568308,0.897353192296746,0.9611223936080933,0.4746250510215759,0.5123615,0.86499155,-0.14454150199890137,0.9630235433578491,0.4765778183937073,0.513375,0.86670256,-0.14454150199890137
1091_18-4.npz,1091_18,1091,4,18506,1.8758676052093506,0.8160929679870605,1.09375,1.1111350059509277,0.6503149271011353,0.9143030047416687,1.504784107208252,11.628766918182407,42.79552383422826,196.4007691955564,10.851479434967048,36.314639663696084,205.02788818359247,0.9015021867275147,0.9280904531478882,0.4531405568122864,0.49475265,0.83526343,-0.17579078674316406,0.9748150706291199,0.4510701596736908,0.5196609,0.8773147,-0.12891650199890137
1091_19-0.npz,1091_19,1091,0,20397,2.063509225845337,0.8162424564361572,1.1875,1.3194992542266846,0.7547823786735535,1.0148377418518066,1.6926543712615967,15.902708625793496,56.06078948974588,251.01124313354418,13.514469051361122,42.22858161926263,239.97122802734336,0.8731853516905498,1.543352723121643,0.7929713726043701,0.74792624,1.1696503,0.23022985458374023,1.605852723121643,0.7929713726043701,0.77821445,1.2170168,0.29272985458374023
1091_19-1.npz,1091_19,1091,1,20397,2.063509225845337,0.8162424564361572,1.1875,1.3194992542266846,0.7547823786735535,1.0148377418518066,1.6926543712615967,16.529572677612325,54.812499427794926,254.47636901855373,13.87411985397339,46.53672943115213,223.03128860473566,0.8286550242296791,1.5468634366989136,0.7781914472579956,0.7496276,1.172311,0.23022985458374023,1.6093634366989136,0.7851587533950806,0.7799158,1.2196774,0.29272985458374023
1091_19-2.npz,1091_19,1091,2,20397,2.063509225845337,0.8162424564361572,1.1875,1.3194992542266846,0.7547823786735535,1.0148377418518066,1.6926543712615967,14.899801731109651,49.64252662658666,222.73952499389597,12.64271116256714,45.99208087921112,219.57319717407154,0.8969932656739068,1.57456374168396,0.7851561307907104,0.76305145,1.1933041,0.26147985458374023,1.60581374168396,0.7784945964813232,0.77819556,1.2169873,0.29272985458374023
1091_19-3.npz,1091_19,1091,3,20397,2.063509225845337,0.8162424564361572,1.1875,1.3194992542266846,0.7547823786735535,1.0148377418518066,1.6926543712615967,13.914407062530529,48.495258331298665,228.54427337646388,11.987137699127237,43.884199523925616,223.57163253784083,0.884303749764462,1.6036221981048584,0.7851588726043701,0.7771335,1.2153263,0.29272985458374023,1.60581374168396,0.7819334268569946,0.77819556,1.2169873,0.29272985458374023
1091_19-4.npz,1091_19,1091,4,20397,2.063509225845337,0.8162424564361572,1.1875,1.3194992542266846,0.7547823786735535,1.0148377418518066,1.6926543712615967,17.696579360962,60.707968330383245,268.9749331665037,15.099677085876467,47.18718833923331,237.92509582519472,0.8365472910927456,1.543352723121643,0.7929688096046448,0.74792624,1.1696503,0.23022985458374023,1.574602723121643,0.8007813096046448,0.76307034,1.1933335,0.26147985458374023
1092_10-0.npz,1092_10,1092,0,17344,1.7198230028152466,0.8166500329971313,0.875,0.9703247547149658,0.48829084634780884,0.78748619556427,1.339782953262329,45.169578170776425,92.92202491760237,268.4080468749987,34.41321258544923,71.3416248321533,239.03974624633787,0.6619577862722287,0.7907775044441223,0.37244555354118347,0.45980167,0.8149617,-0.17518258094787598,0.8506321310997009,0.3803374767303467,0.49460447,0.8766468,-0.10741758346557617
1092_10-1.npz,1092_10,1092,1,17344,1.7198230028152466,0.8166500329971313,0.875,0.9703247547149658,0.48829084634780884,0.78748619556427,1.339782953262329,60.68931198120119,118.43364601135228,270.0478497314446,42.31270561218265,85.92206878662105,233.7473234558103,0.5740594994490792,0.7804952263832092,0.37056764960289,0.453823,0.804365,-0.18546485900878906,0.7907987236976624,0.3725207448005676,0.459814,0.81498355,-0.17518258094787598
1092_10-2.npz,1092_10,1092,2,17344,1.7198230028152466,0.8166500329971313,0.875,0.9703247547149658,0.48829084634780884,0.78748619556427,1.339782953262329,46.4823379516602,109.05049095153801,308.41315643310463,32.18960151672365,68.87617797851553,196.76766876220702,0.6809547823163556,0.7867411375045776,0.37244555354118347,0.4574547,0.81080186,-0.17518258094787598,0.8583135604858398,0.3725207448005676,0.49907088,0.8845632,-0.10547900199890137
1092_10-3.npz,1092_10,1092,3,17344,1.7198230028152466,0.8166500329971313,0.875,0.9703247547149658,0.48829084634780884,0.78748619556427,1.339782953262329,44.59390106201178,84.764095687866,210.91987197875952,33.669901657104525,74.28532447814936,225.4443627929678,0.6235084016559785,0.7907987236976624,0.3725207448005676,0.459814,0.81498355,-0.17518258094787598,0.8271113634109497,0.3725207448005676,0.48092818,0.85240674,-0.12879765033721924
1092_10-4.npz,1092_10,1092,4,17344,1.7198230028152466,0.8166500329971313,0.875,0.9703247547149658,0.48829084634780884,0.78748619556427,1.339782953262329,55.67296218872071,104.71597595214841,267.0555496215816,40.70917510986329,76.10328102111812,223.19309127807574,0.601024655779699,0.7805164456367493,0.37049245834350586,0.45383534,0.8043868,-0.18546485900878906,0.7866392731666565,0.37244558334350586,0.4573955,0.8106969,-0.17518258094787598
1092_12-0.npz,1092_12,1092,0,20668,2.15625,0.8158737421035767,1.09375,1.3987438678741455,0.6773413419723511,0.9672994017601013,1.767845869064331,15.39372358322146,52.8903430938717,318.3407012939453,14.193879318237414,48.83404998779251,305.98883270263656,0.8885741265344664,1.1369037628173828,0.5313167572021484,0.5272597,0.8128034,-0.24440836906433105,1.1369037628173828,0.5312694311141968,0.5272597,0.8128034,-0.24440836906433105
1092_12-1.npz,1092_12,1092,1,20668,2.15625,0.8158737421035767,1.09375,1.3987438678741455,0.6773413419723511,0.9672994017601013,1.767845869064331,13.044609260559099,49.99531307220372,214.42008819580062,11.30553226470948,44.957288169860426,199.17835479736317,0.8957345971563981,1.3421344757080078,0.5937985181808472,0.6224392,0.9595284,-0.04519045352935791,1.3421348333358765,0.5937985181808472,0.6224393,0.9595287,-0.04519009590148926
1092_12-2.npz,1092_12,1092,2,20668,2.15625,0.8158737421035767,1.09375,1.3987438678741455,0.6773413419723511,0.9672994017601013,1.767845869064331,13.311030292510996,45.66619224548302,236.7237100219723,10.742737007141125,37.122421073913564,232.60263290405203,0.8406037180195104,1.339996099472046,0.5937985181808472,0.62144744,0.95799965,-0.04519045352935791,1.4454060792922974,0.6094223260879517,0.67033327,1.0333601,0.060279130935668945
1092_12-3.npz,1092_12,1092,3,20668,2.15625,0.8158737421035767,1.09375,1.3987438678741455,0.6773413419723511,0.9672994017601013,1.767845869064331,13.462221145629918,49.51804733276332,231.16227340698146,11.638269710540776,41.08661537170391,203.22003662109367,0.863411907202087,1.1369037628173828,0.5313167572021484,0.5272597,0.8128034,-0.24440836906433105,1.1837787628173828,0.5312159061431885,0.54899883,0.8463156,-0.19753336906433105
1092_12-4.npz,1092_12,1092,4,20668,2.15625,0.8158737421035767,1.09375,1.3987438678741455,0.6773413419723511,0.9672994017601013,1.767845869064331,11.768715000152588,35.641048812866075,205.79587692260728,8.554598140716555,27.312334346771046,187.36298477172824,0.802451333813987,1.3183592557907104,0.5859387516975403,0.611413,0.9425309,-0.04519045352935791,1.2949212789535522,0.5781276226043701,0.6005432,0.9257744,-0.06081724166870117
1093_11-0.npz,1093_11,1093,0,11957,1.3758015632629395,0.8142850399017334,1.21875,0.6121640205383301,0.551335871219635,0.6592941284179688,0.9887009859085083,1.7846047878265392,5.676546239852835,65.65569831848022,1.8721321225166345,5.586529397964459,62.54557224273666,0.8809367064798269,0.9390182495117188,0.543021559715271,0.6825245,1.5339324,0.32460057735443115,0.9386993646621704,0.543021559715271,0.6822927,1.5334115,0.32460057735443115
1093_11-1.npz,1093_11,1093,1,11957,1.3758015632629395,0.8142850399017334,1.21875,0.6121640205383301,0.551335871219635,0.6592941284179688,0.9887009859085083,1.7776531696319586,5.52460389137268,65.71126228332517,1.7678075551986716,5.492765522003141,62.17798938751143,0.9116803670426304,0.9390182495117188,0.543021559715271,0.6825245,1.5339324,0.32460057735443115,0.9386993646621704,0.543021559715271,0.6822927,1.5334115,0.32460057735443115
1093_11-2.npz,1093_11,1093,2,11957,1.3758015632629395,0.8142850399017334,1.21875,0.6121640205383301,0.551335871219635,0.6592941284179688,0.9887009859085083,1.778577828407289,5.431002950668311,65.42150077819743,1.8263698220252993,5.241384434699978,62.01639980316052,0.8816445573431179,0.9390182495117188,0.543021559715271,0.6825245,1.5339324,0.32460057735443115,0.9390182495117188,0.543021559715271,0.6825245,1.5339324,0.32460057735443115
1093_11-3.npz,1093_11,1093,3,11957,1.3758015632629395,0.8142850399017334,1.21875,0.6121640205383301,0.551335871219635,0.6592941284179688,0.9887009859085083,1.867321348190311,5.9009334564208515,67.06761032104455,1.7893971681594865,5.808620882034302,61.8790121841428,0.912594434350196,0.9390182495117188,0.543021559715271,0.6825245,1.5339324,0.32460057735443115,0.9390182495117188,0.541021466255188,0.6825245,1.5339324,0.32460057735443115
1093_11-4.npz,1093_11,1093,4,11957,1.3758015632629395,0.8142850399017334,1.21875,0.6121640205383301,0.551335871219635,0.6592941284179688,0.9887009859085083,1.866029262542732,5.817434835433873,66.17001548767071,1.7486376523971559,5.604200577735868,60.46571544647196,0.905306277984186,0.9390182495117188,0.543021559715271,0.6825245,1.5339324,0.32460057735443115,0.9390182495117188,0.541019082069397,0.6825245,1.5339324,0.32460057735443115
1093_12-0.npz,1093_12,1093,0,14074,2.063636302947998,0.8157786726951599,1.125,1.301724910736084,0.7389864921569824,0.8727466464042664,1.688986897468567,26.645658302307133,63.66146984100342,203.0052845764152,22.364039230346698,52.40831813812249,180.5359829711908,0.7777777777777778,1.376964807510376,0.7475472688674927,0.6672517,1.0578002,0.0855867862701416,1.3967808485031128,0.7475488185882568,0.6768542,1.0730231,0.1012117862701416
1093_12-1.npz,1093_12,1093,1,14074,2.063636302947998,0.8157786726951599,1.125,1.301724910736084,0.7389864921569824,0.8727466464042664,1.688986897468567,37.596875381469786,79.36510276794422,194.4869662475575,24.93785018920899,55.92733459472655,166.26773162841747,0.6605778811026237,1.3420934677124023,0.7475842833518982,0.65035367,1.0310116,0.04652440547943115,1.3886730670928955,0.7475895881652832,0.6729253,1.0667945,0.1090242862701416
1093_12-2.npz,1093_12,1093,2,14074,2.063636302947998,0.8157786726951599,1.125,1.301724910736084,0.7389864921569824,0.8727466464042664,1.688986897468567,45.94473648071297,86.5170127868652,251.3892416381831,34.61877670288087,76.13878059387204,243.13032455444275,0.669449081803005,1.3754587173461914,0.7455341815948486,0.66652185,1.0566431,0.0777742862701416,1.4067087173461914,0.7455341815948486,0.68166506,1.0806497,0.1090242862701416
1093_12-3.npz,1093_12,1093,3,14074,2.063636302947998,0.8157786726951599,1.125,1.301724910736084,0.7389864921569824,0.8727466464042664,1.688986897468567,37.528899383544974,77.89308853149375,235.79466445922847,27.97646217346192,64.53387374877917,212.8741807556149,0.6549441456350849,1.3987958431243896,0.7437351942062378,0.6778306,1.074571,0.1090242862701416,1.3987958431243896,0.7437351942062378,0.6778306,1.074571,0.1090242862701416
1093_12-4.npz,1093_12,1093,4,14074,2.063636302947998,0.8157786726951599,1.125,1.301724910736084,0.7389864921569824,0.8727466464042664,1.688986897468567,32.293130493164064,70.42084236145007,168.3384176635739,23.858159637451188,57.009397125243815,152.26838699340786,0.7510068289266328,1.4063763618469238,0.7476859092712402,0.681504,1.0803944,0.1090242862701416,1.4023280143737793,0.7477375268936157,0.67954224,1.0772845,0.1246492862701416
1093_13-0.npz,1093_13,1093,0,21399,2.032317638397217,0.8153303861618042,1.21875,1.2818491458892822,0.7981648445129395,0.9523738622665405,1.6490018367767334,33.875926589965864,75.9142879486084,227.77907089233244,24.37706508636475,63.024219131469636,220.739811401367,0.7295053614666206,1.421964168548584,0.8243183493614197,0.69967616,1.1093069,0.14894068241119385,1.421964168548584,0.8164622783660889,0.69967616,1.1093069,0.14894068241119385
1093_13-1.npz,1093_13,1093,1,21399,2.032317638397217,0.8153303861618042,1.21875,1.2818491458892822,0.7981648445129395,0.9523738622665405,1.6490018367767334,27.319650840759294,62.62122287750232,220.4382339477534,20.299373435974132,52.905746841430634,202.078047790527,0.7444395987788923,1.416080355644226,0.8243183493614197,0.69678104,1.1047169,0.14894068241119385,1.4395989179611206,0.8203139305114746,0.7083533,1.1230643,0.16456568241119385
1093_13-2.npz,1093_13,1093,2,21399,2.032317638397217,0.8153303861618042,1.21875,1.2818491458892822,0.7981648445129395,0.9523738622665405,1.6490018367767334,40.66444892883301,86.5470420837395,248.71380035400333,28.871671104431154,63.97229232788078,193.9369453430168,0.6592002654720425,1.3928706645965576,0.8203122615814209,0.6853607,1.0866104,0.11769068241119385,1.3948183059692383,0.8164623975753784,0.68631905,1.0881299,0.11769068241119385
1093_13-3.npz,1093_13,1093,3,21399,2.032317638397217,0.8153303861618042,1.21875,1.2818491458892822,0.7981648445129395,0.9523738622665405,1.6490018367767334,37.75842247009281,100.31080970764155,298.7795916748035,25.993386077880906,72.83517646789548,297.9072872924796,0.717032967032967,1.4439533948898315,0.8243183493614197,0.71049595,1.1264613,0.16456568241119385,1.4709956645965576,0.8243183493614197,0.72380203,1.1475575,0.19581568241119385
1093_13-4.npz,1093_13,1093,4,21399,2.032317638397217,0.8153303861618042,1.21875,1.2818491458892822,0.7981648445129395,0.9523738622665405,1.6490018367767334,32.98517227172852,81.16185417175282,268.28169281005825,24.4459749221802,65.35554962158189,233.41917648315425,0.7211703958691911,1.4241206645965576,0.8242747187614441,0.70073724,1.1109893,0.14894068241119385,1.4708555936813354,0.824275016784668,0.7237331,1.1474483,0.19581568241119385
1093_14-0.npz,1093_14,1093,0,18509,2.0946640968322754,0.814733624458313,1.09375,1.327256202697754,0.6797772645950317,0.9783954620361328,1.720672607421875,27.478351593017585,68.31493797302237,194.62982635498045,21.197473144531273,53.706105232238684,153.14411911010734,0.7091095539224064,0.9512450695037842,0.3644128739833832,0.45412773,0.71670043,-0.3681575059890747,0.9512450695037842,0.34487470984458923,0.45412773,0.71670043,-0.3681575059890747
1093_14-1.npz,1093_14,1093,1,18509,2.0946640968322754,0.814733624458313,1.09375,1.327256202697754,0.6797772645950317,0.9783954620361328,1.720672607421875,30.740267944335987,68.96907997131348,182.1790266418456,23.277162933349647,60.681819534301596,184.35679397582953,0.7491691446562883,0.9553277492523193,0.3496101498603821,0.45607683,0.71977645,-0.3681575059890747,0.9553277492523193,0.3496101498603821,0.45607683,0.71977645,-0.3681575059890747
1093_14-2.npz,1093_14,1093,2,18509,2.0946640968322754,0.814733624458313,1.09375,1.327256202697754,0.6797772645950317,0.9783954620361328,1.720672607421875,31.629913902282727,75.79433860778784,248.18623733520468,26.510043334961004,65.63838157653808,253.94265335082994,0.7691287041132242,0.9553277492523193,0.3566146194934845,0.45607683,0.71977645,-0.3681575059890747,0.9512450695037842,0.36799558997154236,0.45412773,0.71670043,-0.3681575059890747
1093_14-3.npz,1093_14,1093,3,18509,2.0946640968322754,0.814733624458313,1.09375,1.327256202697754,0.6797772645950317,0.9783954620361328,1.720672607421875,37.29011268615726,89.3930885314939,230.343586730957,27.245174598693854,64.81253700256339,187.1889413452148,0.6651402880692698,0.9140983819961548,0.3535156548023224,0.43639377,0.68871284,-0.40724408626556396,0.949682891368866,0.3660353422164917,0.45338196,0.7155234,-0.3681575059890747
1093_14-4.npz,1093_14,1093,4,18509,2.0946640968322754,0.814733624458313,1.09375,1.327256202697754,0.6797772645950317,0.9783954620361328,1.720672607421875,30.328874969482428,66.33679122924768,182.84251129150383,20.191036605835006,48.63487777709937,159.90109802246022,0.6644474034620506,0.9415494799613953,0.3671945631504059,0.44949904,0.7093954,-0.3681575059890747,0.9414611458778381,0.3711003065109253,0.44945687,0.7093289,-0.3681575059890747
1093_15-0.npz,1093_15,1093,0,21604,2.2198100090026855,0.8160163760185242,1.1875,1.469918966293335,0.7503517866134644,1.0942200422286987,1.8597688674926758,20.754003906250023,49.472196769714344,189.3710906982418,14.18932514190674,34.59001045227042,163.77926467895506,0.6849199663016007,1.5039639472961426,0.7460956573486328,0.6775192,1.0231612,0.039728641510009766,1.5039639472961426,0.7460956573486328,0.6775192,1.0231612,0.039728641510009766
1093_15-1.npz,1093_15,1093,1,21604,2.2198100090026855,0.8160163760185242,1.1875,1.469918966293335,0.7503517866134644,1.0942200422286987,1.8597688674926758,27.739031219482438,69.51811637878406,191.8052851867674,21.133285522460973,54.26909084320056,188.09789154052467,0.718213058419244,1.505950927734375,0.7304724454879761,0.67841434,1.0245129,0.039728641510009766,1.505950927734375,0.7460956573486328,0.67841434,1.0245129,0.039728641510009766
1093_15-2.npz,1093_15,1093,2,21604,2.2198100090026855,0.8160163760185242,1.1875,1.469918966293335,0.7503517866134644,1.0942200422286987,1.8597688674926758,18.006438255310062,50.24871883392307,220.2467382812497,12.209359455108673,40.59093208312954,207.09563751220682,0.7573148229505315,1.5021406412124634,0.7460956573486328,0.67669785,1.0219207,0.039728641510009766,1.537353277206421,0.7539081573486328,0.69256073,1.0458763,0.07097864151000977
1093_15-3.npz,1093_15,1093,3,21604,2.2198100090026855,0.8160163760185242,1.1875,1.469918966293335,0.7503517866134644,1.0942200422286987,1.8597688674926758,26.45658416748047,73.66055335998524,221.00682479858395,21.238101196289083,57.85248851776085,191.61844299316374,0.7725782150137375,1.5021378993988037,0.7314994931221008,0.6766966,1.0219189,0.039728641510009766,1.500279426574707,0.7421877384185791,0.6758594,1.0206546,0.039728641510009766
1093_15-4.npz,1093_15,1093,4,21604,2.2198100090026855,0.8160163760185242,1.1875,1.469918966293335,0.7503517866134644,1.0942200422286987,1.8597688674926758,21.351918983459505,52.188107681274325,184.35594009399406,11.769637107849132,40.2335531234741,155.45496231079096,0.6794021328407087,1.506103277206421,0.7460956573486328,0.67848295,1.0246165,0.039728641510009766,1.5021378993988037,0.7460956573486328,0.6766966,1.0219189,0.039728641510009766
1093_16-0.npz,1093_16,1093,0,21822,2.0625,0.8168126940727234,1.1875,1.2962619066238403,0.7586781978607178,0.9788321852684021,1.6858497858047485,31.813346481323247,103.80371055603027,292.8718618774413,24.30710792541505,78.00367393493643,276.042467346191,0.8035891423933628,1.4044229984283447,0.7970480918884277,0.68093234,1.0834408,0.11102521419525146,1.4044229984283447,0.782328724861145,0.68093234,1.0834408,0.11102521419525146
1093_16-1.npz,1093_16,1093,1,21822,2.0625,0.8168126940727234,1.1875,1.2962619066238403,0.7586781978607178,0.9788321852684021,1.6858497858047485,31.8772092819214,101.21627922058093,379.1542565917967,23.131758689880375,73.9288856506346,320.32761901855156,0.7695983011856309,1.4044229984283447,0.7900183796882629,0.68093234,1.0834408,0.11102521419525146,1.4044229984283447,0.7972022891044617,0.68093234,1.0834408,0.11102521419525146
1093_16-2.npz,1093_16,1093,2,21822,2.0625,0.8168126940727234,1.1875,1.2962619066238403,0.7586781978607178,0.9788321852684021,1.6858497858047485,27.2632154464722,94.95397377014125,290.26217132568144,21.105595588684086,74.22191772460906,292.075507202148,0.788428865241885,1.3693153858184814,0.7973501682281494,0.6639105,1.056357,0.07977521419525146,1.400444746017456,0.8015338778495789,0.67900354,1.0803717,0.11102521419525146
1093_16-3.npz,1093_16,1093,3,21822,2.0625,0.8168126940727234,1.1875,1.2962619066238403,0.7586781978607178,0.9788321852684021,1.6858497858047485,31.248647308349714,102.02668304443301,339.39990356445065,22.6586568832398,68.88033943176254,299.58029724120894,0.7932394871335067,1.4044229984283447,0.7970480918884277,0.68093234,1.0834408,0.11102521419525146,1.4024243354797363,0.7970480918884277,0.6799633,1.0818989,0.11102521419525146
1093_16-4.npz,1093_16,1093,4,21822,2.0625,0.8168126940727234,1.1875,1.2962619066238403,0.7586781978607178,0.9788321852684021,1.6858497858047485,27.954903030395638,97.60649261474593,339.9046264648417,20.129507064819368,71.59291114807122,254.08609252929645,0.8053800324968405,1.4044229984283447,0.7899046540260315,0.68093234,1.0834408,0.11102521419525146,1.4005942344665527,0.7822500467300415,0.679076,1.0804871,0.11102521419525146
1093_17-0.npz,1093_17,1093,0,13090,1.9697896242141724,0.8157026767730713,1.125,1.2134788036346436,0.6972057223320007,0.7938690781593323,1.5996873378753662,35.80989189147952,125.59134063720701,343.04348693847516,29.104352569580097,113.90394325256321,333.82695587158014,0.8516803999629664,0.49049389362335205,0.17438538372516632,0.24900827,0.40420476,-0.7158352136611938,0.560806393623352,0.16657288372516632,0.2847037,0.46214765,-0.6455227136611938
1093_17-1.npz,1093_17,1093,1,13090,1.9697896242141724,0.8157026767730713,1.125,1.2134788036346436,0.6972057223320007,0.7938690781593323,1.5996873378753662,35.603513717651374,114.48274574279759,343.4419775390623,27.10290069580082,91.83473129272451,358.0541418457027,0.8044027426921689,0.486763060092926,0.1663341075181961,0.24711424,0.40113026,-0.7236480116844177,0.6117633581161499,0.21236655116081238,0.31057295,0.50414014,-0.5986477136611938
1093_17-2.npz,1093_17,1093,2,13090,1.9697896242141724,0.8157026767730713,1.125,1.2134788036346436,0.6972057223320007,0.7938690781593323,1.5996873378753662,36.98502273559579,112.9739967346191,293.20681732177724,28.175332069397044,97.42667465209844,268.8126733398428,0.8407731247123792,0.5531654357910156,0.19650061428546906,0.28082463,0.45585093,-0.6572456359863281,0.5658816695213318,0.2157779037952423,0.28728026,0.46633008,-0.644529402256012
1093_17-3.npz,1093_17,1093,3,13090,1.9697896242141724,0.8157026767730713,1.125,1.2134788036346436,0.6972057223320007,0.7938690781593323,1.5996873378753662,32.400117492675896,121.1590167999267,300.8700927734362,25.07489395141602,108.21388549804657,314.41118377685535,0.8160355942976483,0.5608057975769043,0.22074304521083832,0.2847034,0.46214718,-0.6455233097076416,0.5606629252433777,0.21849383413791656,0.28463086,0.46202943,-0.6455233097076416
1093_17-4.npz,1093_17,1093,4,13090,1.9697896242141724,0.8157026767730713,1.125,1.2134788036346436,0.6972057223320007,0.7938690781593323,1.5996873378753662,43.610457992553734,116.23112602233826,286.6852285766593,32.01923408508304,84.09716377258299,281.73930450439184,0.8268176835951772,0.48253780603408813,0.17414505779743195,0.2449692,0.3976483,-0.7236484289169312,0.6117633581161499,0.174786776304245,0.31057295,0.50414014,-0.5986477136611938
1093_20-0.npz,1093_20,1093,0,19926,2.188110589981079,0.8148338198661804,1.1875,1.4372155666351318,0.7719885110855103,1.0846660137176514,1.8063217401504517,14.682611083984392,49.938338851928314,204.03271697998008,11.656430053710942,36.52163085937494,191.83095031738063,0.7971066582801689,1.6544872522354126,0.8087259531021118,0.756126,1.1511754,0.22553884983062744,1.6547858715057373,0.808725893497467,0.7562624,1.1513832,0.22553884983062744
1093_20-1.npz,1093_20,1093,1,19926,2.188110589981079,0.8148338198661804,1.1875,1.4372155666351318,0.7719885110855103,1.0846660137176514,1.8063217401504517,15.845412063598646,43.38556365966795,177.09693939208967,12.055624008178716,33.50725460052477,173.5901898193355,0.763046544428773,1.6096044778823853,0.8009134531021118,0.7356139,1.1199465,0.17866384983062744,1.6525523662567139,0.8009134531021118,0.7552417,1.1498291,0.22553884983062744
1093_20-2.npz,1093_20,1093,2,19926,2.188110589981079,0.8148338198661804,1.1875,1.4372155666351318,0.7719885110855103,1.0846660137176514,1.8063217401504517,18.24109039306641,47.445888137817256,196.00183609008602,12.32991857528687,33.328600692748985,172.1825889587402,0.7135023989033584,1.6076122522354126,0.8007819056510925,0.73470336,1.1185603,0.17866384983062744,1.6564794778823853,0.8106464147567749,0.75703645,1.1525615,0.22553884983062744
1093_20-3.npz,1093_20,1093,3,19926,2.188110589981079,0.8148338198661804,1.1875,1.4372155666351318,0.7719885110855103,1.0846660137176514,1.8063217401504517,21.030532264709493,58.53661212921128,220.9487187194816,14.166899871826182,42.3007619857787,157.3929602050775,0.7528483786152498,1.6096044778823853,0.8007817268371582,0.7356139,1.1199465,0.17866384983062744,1.621351957321167,0.8009135723114014,0.74098265,1.1281202,0.19428884983062744
1093_20-4.npz,1093_20,1093,4,19926,2.188110589981079,0.8148338198661804,1.1875,1.4372155666351318,0.7719885110855103,1.0846660137176514,1.8063217401504517,20.214533615112398,47.2751747131347,168.9720454406738,14.709214878082278,37.69794425964349,154.29163146972633,0.7295053614666206,1.6117644309997559,0.7988736629486084,0.736601,1.1214494,0.17866384983062744,1.6252294778823853,0.8085944056510925,0.7427547,1.1308181,0.19428884983062744
1093_21-0.npz,1093_21,1093,0,22382,2.063751220703125,0.8165700435638428,1.1875,1.3148977756500244,0.7592839002609253,0.9560176730155945,1.6821637153625488,27.373290824890166,79.40710678100585,294.0384222412107,18.083819961547896,59.65513725280758,267.7545962524412,0.7164435290078957,0.9123591184616089,0.3386884927749634,0.44208774,0.69386315,-0.3996349573135376,0.9123591184616089,0.3456917703151703,0.44208774,0.69386315,-0.3996349573135376
1093_21-1.npz,1093_21,1093,1,22382,2.063751220703125,0.8165700435638428,1.1875,1.3148977756500244,0.7592839002609253,0.9560176730155945,1.6821637153625488,26.350174140930203,82.43534469604487,226.22295486450182,20.174213790893564,58.52442665100093,192.89554473876953,0.7903500134276251,0.9123591184616089,0.3769550621509552,0.44208774,0.69386315,-0.3996349573135376,0.9104926586151123,0.35742297768592834,0.44118333,0.69244367,-0.3996349573135376
1093_21-2.npz,1093_21,1093,2,22382,2.063751220703125,0.8165700435638428,1.1875,1.3148977756500244,0.7592839002609253,0.9560176730155945,1.6821637153625488,22.842756271362322,71.74736175537095,265.46906158447223,16.723213195800824,59.097531700133814,227.8521775817866,0.808154778049001,0.9123591184616089,0.3621148467063904,0.44208774,0.69386315,-0.3996349573135376,0.9123591184616089,0.3618328869342804,0.44208774,0.69386315,-0.3996349573135376
1093_21-3.npz,1093_21,1093,3,22382,2.063751220703125,0.8165700435638428,1.1875,1.3148977756500244,0.7592839002609253,0.9560176730155945,1.6821637153625488,23.06477088928224,69.29395828247017,243.8070678710931,19.74301090240483,59.13847808837889,219.21565673828025,0.810610175629187,0.9104264378547668,0.36718758940696716,0.44115126,0.6923933,-0.3996349573135376,0.9123591184616089,0.36718761920928955,0.44208774,0.69386315,-0.3996349573135376
1093_21-4.npz,1093_21,1093,4,22382,2.063751220703125,0.8165700435638428,1.1875,1.3148977756500244,0.7592839002609253,0.9560176730155945,1.6821637153625488,22.58697414398198,74.71390380859376,251.71848144531205,14.48999395370485,54.637003707885505,196.50383087158156,0.7727353306151391,0.9084603190422058,0.3691466748714447,0.44019857,0.69089806,-0.3996349573135376,0.9708266854286194,0.37143781781196594,0.47041845,0.73832864,-0.3371623754501343
1093_22-0.npz,1093_22,1093,0,4957,1.001107931137085,0.8144319653511047,0.9375,0.23820960521697998,0.25539630651474,0.4911049008369446,0.6140493750572205,1.977074909210207,8.56053810119623,82.28885490417478,1.9192782640457158,8.450603055953971,82.3409984588616,0.9556077050943581,0.5605956315994263,0.26581624150276184,0.5599752,2.3533711,0.3243088126182556,0.5605956315994263,0.2601110637187958,0.5599752,2.3533711,0.3243088126182556
1093_22-1.npz,1093_22,1093,1,4957,1.001107931137085,0.8144319653511047,0.9375,0.23820960521697998,0.25539630651474,0.4911049008369446,0.6140493750572205,1.908204221725464,8.005391263961775,81.10987518310442,1.6951919794082642,7.340732383727982,80.34442459106286,0.9241870309794112,0.5605956315994263,0.25795072317123413,0.5599752,2.3533711,0.3243088126182556,0.5605956315994263,0.2656550407409668,0.5599752,2.3533711,0.3243088126182556
1093_22-2.npz,1093_22,1093,2,4957,1.001107931137085,0.8144319653511047,0.9375,0.23820960521697998,0.25539630651474,0.4911049008369446,0.6140493750572205,2.0593731641769413,8.993812465667721,82.93309913635235,2.082034134864808,9.109725999832088,82.9907486724853,0.9758940920766647,0.5605956315994263,0.26581624150276184,0.5599752,2.3533711,0.3243088126182556,0.5605956315994263,0.26581624150276184,0.5599752,2.3533711,0.3243088126182556
1093_22-3.npz,1093_22,1093,3,4957,1.001107931137085,0.8144319653511047,0.9375,0.23820960521697998,0.25539630651474,0.4911049008369446,0.6140493750572205,2.446052813529972,10.47871742248533,87.64739471435477,2.2502405643463192,8.918229436874254,79.24665374755858,0.9267822736030829,0.5449706315994263,0.2640339434146881,0.5443675,2.2877777,0.3086838126182556,0.5605956315994263,0.26576948165893555,0.5599752,2.3533711,0.3243088126182556
1093_22-4.npz,1093_22,1093,4,4957,1.001107931137085,0.8144319653511047,0.9375,0.23820960521697998,0.25539630651474,0.4911049008369446,0.6140493750572205,1.5720001339912424,7.1111586093901895,79.79231025695745,1.5246468067169194,7.087098336219775,78.91195091247515,0.9745285813012143,0.5605956315994263,0.2676095962524414,0.5599752,2.3533711,0.3243088126182556,0.5605956315994263,0.2656399607658386,0.5599752,2.3533711,0.3243088126182556
1093_23-0.npz,1093_23,1093,0,17519,2.0946171283721924,0.8159236907958984,1.15625,1.34288489818573,0.691239595413208,1.0353025197982788,1.716630458831787,4.416322946548463,21.32668581008888,156.72064300536974,3.1168673276901284,17.553411769866745,123.26150413513155,0.8749414080809975,1.6037769317626953,0.7353767156600952,0.7656659,1.1942773,0.2686116695404053,1.6037769317626953,0.7500021457672119,0.7656659,1.1942773,0.2686116695404053
1093_23-1.npz,1093_23,1093,1,17519,2.0946171283721924,0.8159236907958984,1.15625,1.34288489818573,0.691239595413208,1.0353025197982788,1.716630458831787,3.448108553886419,19.661443042755014,132.23281219482405,2.9714380741119384,16.547898674011208,111.86002868652336,0.9047619047619048,1.600193738937378,0.7345613241195679,0.76395524,1.191609,0.2686116695404053,1.6037769317626953,0.7345613241195679,0.7656659,1.1942773,0.2686116695404053
1093_23-2.npz,1093_23,1093,2,17519,2.0946171283721924,0.8159236907958984,1.15625,1.34288489818573,0.691239595413208,1.0353025197982788,1.716630458831787,4.348240232467652,19.732982158660725,149.93046112060537,2.986278128623963,16.46929483413695,119.49026077270486,0.847063169560399,1.600193738937378,0.7355844974517822,0.76395524,1.191609,0.2686116695404053,1.6037769317626953,0.7433587312698364,0.7656659,1.1942773,0.2686116695404053
1093_23-3.npz,1093_23,1093,3,17519,2.0946171283721924,0.8159236907958984,1.15625,1.34288489818573,0.691239595413208,1.0353025197982788,1.716630458831787,4.284544706344623,20.06801366806021,159.97155502319262,4.150097942352319,17.87718658447265,161.57989852905106,0.911863110601281,1.5917994976043701,0.7200758457183838,0.7599477,1.185358,0.2686116695404053,1.5917994976043701,0.7276489734649658,0.7599477,1.185358,0.2686116695404053
1093_23-4.npz,1093_23,1093,4,17519,2.0946171283721924,0.8159236907958984,1.15625,1.34288489818573,0.691239595413208,1.0353025197982788,1.716630458831787,4.19497632980349,19.2757951736449,156.56213180541988,4.061882781982429,18.327446365356398,160.46149917602483,0.9262255610131946,1.5901048183441162,0.7274370789527893,0.75913864,1.1840961,0.2686116695404053,1.5920010805130005,0.7275062799453735,0.760044,1.1855083,0.2686116695404053
1094_1-0.npz,1094_1,1094,0,20061,2.1886932849884033,0.8758554458618164,1.1875,1.4573261737823486,0.7437059879302979,1.098211646080017,1.8243203163146973,6.764186859130862,28.62404460906955,135.54229614257764,4.072313690185554,15.132746505737137,123.82033271789513,0.7692852087756546,1.074918508529663,0.48345521092414856,0.4911234,0.7375964,-0.3794679641723633,1.1563611030578613,0.48930513858795166,0.528334,0.79348135,-0.29187703132629395
1094_1-1.npz,1094_1,1094,1,20061,2.1886932849884033,0.8758554458618164,1.1875,1.4573261737823486,0.7437059879302979,1.098211646080017,1.8243203163146973,4.796917867660523,20.881567859649625,123.84940826415988,4.270743083953862,17.94540662765503,118.58091613769527,0.895195678953852,1.07731032371521,0.47561144828796387,0.49221623,0.7392376,-0.3770761489868164,1.1625094413757324,0.481406033039093,0.5311431,0.7977002,-0.29187703132629395
1094_1-2.npz,1094_1,1094,2,20061,2.1886932849884033,0.8758554458618164,1.1875,1.4573261737823486,0.7437059879302979,1.098211646080017,1.8243203163146973,2.2539371728897106,15.064403676986604,128.57388778686484,1.748129868507396,12.708816766738801,112.06298805236798,0.9067594622938316,1.160576343536377,0.6338239908218384,0.5302599,0.7963738,-0.27625203132629395,1.176201343536377,0.6417062878608704,0.5373989,0.80709547,-0.26062703132629395
1094_1-3.npz,1094_1,1094,3,20061,2.1886932849884033,0.8758554458618164,1.1875,1.4573261737823486,0.7437059879302979,1.098211646080017,1.8243203163146973,2.913508892059326,15.66993789672848,125.65364875793443,2.3932904005050704,14.163510131835869,118.41901199340745,0.8912529550827423,1.160576343536377,0.6249951124191284,0.5302599,0.7963738,-0.27625203132629395,1.160576343536377,0.6250021457672119,0.5302599,0.7963738,-0.27625203132629395
1094_1-4.npz,1094_1,1094,4,20061,2.1886932849884033,0.8758554458618164,1.1875,1.4573261737823486,0.7437059879302979,1.098211646080017,1.8243203163146973,2.927847075462349,19.16626787185659,146.12251770019435,2.8216066598892273,16.523952484130852,130.43867294311517,0.9286403085824494,1.1550920009613037,0.6259561777114868,0.5277542,0.79261047,-0.29187703132629395,1.1781344413757324,0.6259561777114868,0.5382821,0.8084219,-0.27625203132629395
1094_10-0.npz,1094_10,1094,0,5634,1.0322788953781128,0.8138922452926636,0.9375,0.27969980239868164,0.27280372381210327,0.5130614638328552,0.6583014726638794,0.8684255719184891,4.1447273492812755,30.998427696227893,0.7024806261062627,3.191875422000882,28.40822166442862,0.8793459875963164,0.4669744372367859,0.2715822756290436,0.45237234,1.6695558,0.1864774227142334,0.5450994372367859,0.2715822756290436,0.5280544,1.9488732,0.2646024227142334
1094_10-1.npz,1094_10,1094,1,5634,1.0322788953781128,0.8138922452926636,0.9375,0.27969980239868164,0.27280372381210327,0.5130614638328552,0.6583014726638794,0.8805887639522557,3.9751991033554073,30.59929832458467,0.8136978447437297,3.195802521705623,25.35466554641723,0.8765246762994934,0.4667791724205017,0.2598382234573364,0.4521832,1.6688577,0.1864774227142334,0.5445240139961243,0.2598634660243988,0.527497,1.9468158,0.2646024227142334
1094_10-2.npz,1094_10,1094,2,5634,1.0322788953781128,0.8138922452926636,0.9375,0.27969980239868164,0.27280372381210327,0.5130614638328552,0.6583014726638794,0.7788170337677012,3.7472523093222874,31.34420232772793,0.7236471474170694,2.81460689306259,25.343208713531194,0.859254438969973,0.40447449684143066,0.2598634660243988,0.39182675,1.4461021,0.12397748231887817,0.40389907360076904,0.2676759660243988,0.39126933,1.444045,0.12397748231887817
1094_10-3.npz,1094_10,1094,3,5634,1.0322788953781128,0.8138922452926636,0.9375,0.27969980239868164,0.27280372381210327,0.5130614638328552,0.6583014726638794,0.8313103556633009,4.092876291275015,33.30987503051752,0.6369247257709505,3.3088360548019136,31.02333415985104,0.8552875695732839,0.4669744372367859,0.2598377466201782,0.45237234,1.6695558,0.1864774227142334,0.5449041724205017,0.25401192903518677,0.5278653,1.9481751,0.2646024227142334
1094_10-4.npz,1094_10,1094,4,5634,1.0322788953781128,0.8138922452926636,0.9375,0.27969980239868164,0.27280372381210327,0.5130614638328552,0.6583014726638794,0.8819000840187078,4.1439165353775,29.994929733276326,0.7173845231533054,3.1896137833595257,26.022283401489254,0.8558040270947388,0.5292791724205017,0.2598377466201782,0.51272887,1.8923116,0.2489774227142334,0.4667791724205017,0.2667178511619568,0.4521832,1.6688577,0.1864774227142334
1094_12-0.npz,1094_12,1094,0,17177,1.9693281650543213,0.8155544996261597,1.21875,1.1751179695129395,0.7920282483100891,0.8825055360794067,1.5747532844543457,42.15718116760258,111.71278076171866,317.6087561035154,36.14552345275881,91.0444568634029,333.69000274658157,0.793400286944046,1.281487226486206,0.8203142881393433,0.65072304,1.090518,0.11332488059997559,1.3283607959747314,0.8105598092079163,0.67452484,1.1304064,0.16019988059997559
1094_12-1.npz,1094_12,1094,1,17177,1.9693281650543213,0.8155544996261597,1.21875,1.1751179695129395,0.7920282483100891,0.8825055360794067,1.5747532844543457,46.069585037231484,132.72405471801733,364.36054718017505,31.891634368896487,100.37524490356438,309.762621765135,0.7433751743375174,1.279524803161621,0.8125017285346985,0.64972657,1.088848,0.11332488059997559,1.2971107959747314,0.8281267881393433,0.6586565,1.1038133,0.12894988059997559
1094_12-2.npz,1094_12,1094,2,17177,1.9693281650543213,0.8155544996261597,1.21875,1.1751179695129395,0.7920282483100891,0.8825055360794067,1.5747532844543457,45.922039031982614,123.28397636413534,322.8845513915998,32.884283828735356,93.46710853576656,282.19488494872945,0.7511601435951317,1.2814857959747314,0.8125016689300537,0.6507223,1.0905167,0.11332488059997559,1.3303282260894775,0.8242191672325134,0.6755239,1.1320806,0.16019988059997559
1094_12-3.npz,1094_12,1094,3,17177,1.9693281650543213,0.8155544996261597,1.21875,1.1751179695129395,0.7920282483100891,0.8825055360794067,1.5747532844543457,39.99963874816896,113.03075752258273,323.51435760498,29.261987876892114,95.33494987487785,301.2938192749023,0.8005041411595246,1.3283607959747314,0.8164067268371582,0.67452484,1.1304064,0.16019988059997559,1.3301856517791748,0.8203132152557373,0.6754515,1.1319592,0.16019988059997559
1094_12-4.npz,1094_12,1094,4,17177,1.9693281650543213,0.8155544996261597,1.21875,1.1751179695129395,0.7920282483100891,0.8825055360794067,1.5747532844543457,38.67855453491212,100.57740364074702,275.041562194824,30.884486770629923,80.36435203552244,269.76500579833976,0.7903500134276251,1.328362226486206,0.8105598092079163,0.67452556,1.1304076,0.16019988059997559,1.3282103538513184,0.8125042915344238,0.6744485,1.1302783,0.16019988059997559
1094_13-0.npz,1094_13,1094,0,14821,1.7507020235061646,0.8156545162200928,0.96875,0.9912260174751282,0.5073904991149902,0.8769067525863647,1.3789803981781006,13.799129295349184,50.959993553161574,228.22283554076964,11.005185222625737,41.68514118194566,180.36503662109337,0.8158707100054476,1.1179935932159424,0.5439124703407288,0.6385973,1.1278896,0.13734662532806396,1.1336185932159424,0.5429695844650269,0.6475223,1.143653,0.15297162532806396
1094_13-1.npz,1094_13,1094,1,14821,1.7507020235061646,0.8156545162200928,0.96875,0.9912260174751282,0.5073904991149902,0.8769067525863647,1.3789803981781006,14.34263935089112,43.8640003204344,211.91357009887568,10.645187950134286,37.2212558746337,227.65077636718726,0.7865118356409111,1.1179935932159424,0.5438750982284546,0.6385973,1.1278896,0.13734662532806396,1.136948823928833,0.5439124703407288,0.6494245,1.1470127,0.15297162532806396
1094_13-2.npz,1094_13,1094,2,14821,1.7507020235061646,0.8156545162200928,0.96875,0.9912260174751282,0.5073904991149902,0.8769067525863647,1.3789803981781006,16.87612667083741,49.33503570556597,207.47798110961858,12.353040599822998,36.25647506713854,166.84010284423826,0.7803097739006587,1.121323823928833,0.5273439884185791,0.64049953,1.1312494,0.13734662532806396,1.1387251615524292,0.5438750982284546,0.65043914,1.1488048,0.15297162532806396
1094_13-3.npz,1094_13,1094,3,14821,1.7507020235061646,0.8156545162200928,0.96875,0.9912260174751282,0.5073904991149902,0.8769067525863647,1.3789803981781006,16.087670707702642,45.65342464447,199.06212661743137,11.508057212829593,35.112200355529694,177.11693969726454,0.7861927301955881,1.1232705116271973,0.5312497615814209,0.64161146,1.1332133,0.13734662532806396,1.1156866550445557,0.5438605546951294,0.63727957,1.1255623,0.13734662532806396
1094_13-4.npz,1094_13,1094,4,14821,1.7507020235061646,0.8156545162200928,0.96875,0.9912260174751282,0.5073904991149902,0.8769067525863647,1.3789803981781006,9.518257808685307,41.76917781829825,207.0323626708984,7.5847846031189095,33.596087074279744,218.7653372192372,0.8679368637340058,1.1210745573043823,0.535161018371582,0.64035714,1.1309979,0.15297162532806396,1.1719419956207275,0.539063572883606,0.6694126,1.1823156,0.21547162532806396
1094_14-0.npz,1094_14,1094,0,20540,2.0632436275482178,0.8160017728805542,1.21875,1.3045607805252075,0.8123153448104858,1.027807593345642,1.7005319595336914,7.182664537429815,32.84422245025596,189.76306350707998,5.408014869689956,28.70462989807118,169.1939434814447,0.8998765080269783,1.6057820320129395,0.8447312116622925,0.7782804,1.2308986,0.31583666801452637,1.6290944814682007,0.8447206616401672,0.78957933,1.2487686,0.33146166801452637
1094_14-1.npz,1094_14,1094,1,20540,2.0632436275482178,0.8160017728805542,1.21875,1.3045607805252075,0.8123153448104858,1.027807593345642,1.7005319595336914,7.179904556274442,34.27193546295162,191.20809616088732,5.9569441318512,32.62825355529762,191.5520605468736,0.9177294083804776,1.6057820320129395,0.8447312116622925,0.7782804,1.2308986,0.31583666801452637,1.613643765449524,0.8449271321296692,0.7820908,1.2369249,0.31583666801452637
1094_14-2.npz,1094_14,1094,2,20540,2.0632436275482178,0.8160017728805542,1.21875,1.3045607805252075,0.8123153448104858,1.027807593345642,1.7005319595336914,9.794171333312997,36.659204673766816,189.12283905029295,8.604672527313246,33.913621330260646,195.69212112426752,0.9038553069966683,1.5939600467681885,0.8446271419525146,0.7725506,1.2218366,0.30021166801452637,1.5901570320129395,0.8368115425109863,0.77070737,1.2189214,0.30021166801452637
1094_14-3.npz,1094_14,1094,3,20540,2.0632436275482178,0.8160017728805542,1.21875,1.3045607805252075,0.8123153448104858,1.027807593345642,1.7005319595336914,9.240521335601832,36.60262012481664,197.71026672363246,8.720367240905775,34.93444538116448,201.6330996704097,0.9306882903755189,1.6057820320129395,0.8447312116622925,0.7782804,1.2308986,0.31583666801452637,1.6057820320129395,0.8486045598983765,0.7782804,1.2308986,0.31583666801452637
1094_14-4.npz,1094_14,1094,4,20540,2.0632436275482178,0.8160017728805542,1.21875,1.3045607805252075,0.8123153448104858,1.027807593345642,1.7005319595336914,8.035000514984144,35.228996467590264,191.39156234740994,6.723002052307155,31.97460994720435,183.40985977172826,0.9029495718363464,1.6057820320129395,0.8449271321296692,0.7782804,1.2308986,0.31583666801452637,1.6057820320129395,0.8450684547424316,0.7782804,1.2308986,0.31583666801452637
1094_15-0.npz,1094_15,1094,0,10703,1.3446941375732422,0.8139318823814392,1.21875,0.5770431756973267,0.5418754816055298,0.6479943990707397,0.95576012134552,0.7622288048267376,3.8959158778190432,81.20241424560463,0.6909855961799624,3.602371156215666,72.84951522827089,0.9199385619660171,0.9664947986602783,0.5605229735374451,0.71874696,1.674909,0.38893401622772217,0.9673159122467041,0.5546726584434509,0.71935755,1.676332,0.38893401622772217
1094_15-1.npz,1094_15,1094,1,10703,1.3446941375732422,0.8139318823814392,1.21875,0.5770431756973267,0.5418754816055298,0.6479943990707397,0.95576012134552,0.7521998941898348,3.8849966645240452,82.28576431274374,0.6318536162376412,3.3640558362006945,69.43525856017972,0.904036557501904,0.9673159122467041,0.5624841451644897,0.71935755,1.676332,0.38893401622772217,0.9673159122467041,0.5546726584434509,0.71935755,1.676332,0.38893401622772217
1094_15-2.npz,1094_15,1094,2,10703,1.3446941375732422,0.8139318823814392,1.21875,0.5770431756973267,0.5418754816055298,0.6479943990707397,0.95576012134552,0.6354043006896974,3.1664229393005145,65.07069892883273,0.5166233777999882,2.904132843017529,61.688246269225466,0.9073049780659928,0.9673159122467041,0.5546718239784241,0.71935755,1.676332,0.38893401622772217,0.9673159122467041,0.5546722412109375,0.71935755,1.676332,0.38893401622772217
1094_15-3.npz,1094_15,1094,3,10703,1.3446941375732422,0.8139318823814392,1.21875,0.5770431756973267,0.5418754816055298,0.6479943990707397,0.95576012134552,0.6676793277263645,3.256165587902046,66.37118804931609,0.5836073398590099,3.155054414272296,68.62545730590794,0.9073049780659928,0.9673159122467041,0.5546722412109375,0.71935755,1.676332,0.38893401622772217,0.9673159122467041,0.5546722412109375,0.71935755,1.676332,0.38893401622772217
1094_15-4.npz,1094_15,1094,4,10703,1.3446941375732422,0.8139318823814392,1.21875,0.5770431756973267,0.5418754816055298,0.6479943990707397,0.95576012134552,0.682951706647873,3.409797179698938,71.80930648803697,0.5909508883953098,3.2849992871284397,74.34871726989694,0.9104021396503964,0.9673159122467041,0.5527110695838928,0.71935755,1.676332,0.38893401622772217,0.9673159122467041,0.5546734929084778,0.71935755,1.676332,0.38893401622772217
1094_16-0.npz,1094_16,1094,0,14141,2.0635881423950195,0.815071702003479,1.1875,1.3123780488967896,0.766381025314331,0.8828108310699463,1.695439338684082,48.23855705261236,107.97276306152317,288.81993621826126,38.01331825256349,81.86730117797829,295.99611145019225,0.691188905800778,1.428030252456665,0.7773504853248596,0.6920132,1.0881242,0.1181488037109375,1.428030252456665,0.7812526226043701,0.6920132,1.0881242,0.1181488037109375
1094_16-1.npz,1094_16,1094,1,14141,2.0635881423950195,0.815071702003479,1.1875,1.3123780488967896,0.766381025314331,0.8828108310699463,1.695439338684082,47.535101699829106,102.58682212829588,268.2766546630855,31.68600959777833,71.5128879547119,243.87683975219713,0.6933367200067734,1.4180678129196167,0.7812526226043701,0.68718547,1.080533,0.1181488037109375,1.4240741729736328,0.7851634621620178,0.69009614,1.0851097,0.1181488037109375
1094_16-2.npz,1094_16,1094,2,14141,2.0635881423950195,0.815071702003479,1.1875,1.3123780488967896,0.766381025314331,0.8828108310699463,1.695439338684082,39.87647666931154,78.86335754394516,212.58360412597636,28.80282382965088,71.09635810852049,200.82664947509733,0.693623507494284,1.424015998840332,0.7832461595535278,0.69006795,1.0850654,0.1181488037109375,1.4201624393463135,0.7910586595535278,0.68820053,1.0821291,0.1181488037109375
1094_16-3.npz,1094_16,1094,3,14141,2.0635881423950195,0.815071702003479,1.1875,1.3123780488967896,0.766381025314331,0.8828108310699463,1.695439338684082,46.25894584655762,112.27142944335901,291.83623046874897,36.95974731445313,77.56192550659152,199.74581710815406,0.6960651289009498,1.4262044429779053,0.7832459211349487,0.69112843,1.086733,0.1181488037109375,1.428030252456665,0.7832461595535278,0.6920132,1.0881242,0.1181488037109375
1094_16-4.npz,1094_16,1094,4,14141,2.0635881423950195,0.815071702003479,1.1875,1.3123780488967896,0.766381025314331,0.8828108310699463,1.695439338684082,45.08320007324223,104.99866714477523,305.7652685546869,31.15085620880129,81.45138778686498,242.3093809509277,0.6629250852249107,1.428030252456665,0.7812579870223999,0.6920132,1.0881242,0.1181488037109375,1.459280252456665,0.7812579870223999,0.7071567,1.1119359,0.1493988037109375
1094_17-0.npz,1094_17,1094,0,21059,1.9375,0.8454711437225342,1.28125,1.1837282180786133,0.8457949757575989,0.983971357345581,1.5697948932647705,36.4131000518799,114.3130352020261,390.41926574706986,25.80705070495606,80.23257865905758,339.1218908691406,0.7404925593943086,1.4555388689041138,0.8759768009185791,0.75124586,1.2296225,0.2739551067352295,1.4492580890655518,0.8828125,0.7480042,1.2243166,0.2739551067352295
1094_17-1.npz,1094_17,1094,1,21059,1.9375,0.8454711437225342,1.28125,1.1837282180786133,0.8457949757575989,0.983971357345581,1.5697948932647705,34.8657531738282,103.64425811767576,393.0503134155241,23.6926322937012,79.11376113891598,363.7432055664061,0.7391304347826086,1.453413724899292,0.8730682134628296,0.750149,1.2278272,0.2739551067352295,1.484614610671997,0.8682885766029358,0.7662527,1.2541853,0.3052051067352295
1094_17-2.npz,1094_17,1094,2,21059,1.9375,0.8454711437225342,1.28125,1.1837282180786133,0.8457949757575989,0.983971357345581,1.5697948932647705,29.51810169219971,86.99658889770501,397.62096160888524,18.964587593078637,71.81477661132789,366.9511389160118,0.6962089729454669,1.4867888689041138,0.8730682134628296,0.7673749,1.2560222,0.3052051067352295,1.4867888689041138,0.8671875,0.7673749,1.2560222,0.3052051067352295
1094_17-3.npz,1094_17,1094,3,21059,1.9375,0.8454711437225342,1.28125,1.1837282180786133,0.8457949757575989,0.983971357345581,1.5697948932647705,27.51948547363283,79.31378822326647,410.8949703979492,21.31396694183351,68.3274425506589,367.6135647583001,0.7919541259743751,1.4825953245162964,0.8984375,0.7652105,1.2524796,0.3052051067352295,1.4726567268371582,0.8828122615814209,0.7600809,1.2440835,0.3052051067352295
1094_17-4.npz,1094_17,1094,4,21059,1.9375,0.8454711437225342,1.28125,1.1837282180786133,0.8457949757575989,0.983971357345581,1.5697948932647705,27.221305084228614,82.87911682128899,302.28810089111215,18.384240531921396,62.411436653137145,277.77944946288983,0.7761989342806395,1.5081156492233276,0.8808808326721191,0.77838224,1.2740388,0.3364551067352295,1.4688560962677002,0.8888895511627197,0.7581193,1.2408727,0.3052051067352295
1094_19-0.npz,1094_19,1094,0,15785,1.8135398626327515,0.815121591091156,0.9375,1.0506625175476074,0.46062368154525757,0.8569346070289612,1.4304383993148804,17.099272537231464,66.50219078063947,253.7027801513655,15.388231849670436,58.23779392242425,259.51295684814437,0.8777579569993428,1.0648802518844604,0.4785457253456116,0.58718324,1.0135322,0.019820332527160645,1.0648524761199951,0.4785451591014862,0.5871679,1.0135057,0.019820332527160645
1094_19-1.npz,1094_19,1094,1,15785,1.8135398626327515,0.815121591091156,0.9375,1.0506625175476074,0.46062368154525757,0.8569346070289612,1.4304383993148804,24.558557128906266,86.9784500122067,298.1964199829101,21.29058780670169,63.520810699462444,277.30698547363244,0.8190086402910414,1.051208734512329,0.4785457253456116,0.5796447,1.0005199,0.00617671012878418,1.0687867403030396,0.47665515542030334,0.58933735,1.0172503,0.023726820945739746
1094_19-2.npz,1094_19,1094,2,15785,1.8135398626327515,0.815121591091156,0.9375,1.0506625175476074,0.46062368154525757,0.8569346070289612,1.4304383993148804,23.486156845092797,87.82630157470693,325.42613677978375,18.811460685729983,69.16738128662088,290.7756826782222,0.8083182640144665,1.0545978546142578,0.49032166600227356,0.58151346,1.0037456,0.00617671012878418,1.0704905986785889,0.4886780381202698,0.59027684,1.018872,0.023726820945739746
1094_19-3.npz,1094_19,1094,3,15785,1.8135398626327515,0.815121591091156,0.9375,1.0506625175476074,0.46062368154525757,0.8569346070289612,1.4304383993148804,17.52880077362061,70.81195526123022,236.30524719238247,15.485199356079113,59.97356052398679,231.04069152831988,0.8709073900841908,1.0685501098632812,0.49026477336883545,0.5892069,1.0170251,0.023726820945739746,1.0687589645385742,0.5000127553939819,0.58932203,1.0172238,0.023726820945739746
1094_19-4.npz,1094_19,1094,4,15785,1.8135398626327515,0.815121591091156,0.9375,1.0506625175476074,0.46062368154525757,0.8569346070289612,1.4304383993148804,25.01720371246341,96.34692382812487,290.9818469238268,23.045756149292,71.05893554687488,268.045315246582,0.8520233354940272,1.0721211433410645,0.49807727336883545,0.591176,1.0204239,0.023726820945739746,1.0721211433410645,0.4961894154548645,0.591176,1.0204239,0.023726820945739746
1094_21-0.npz,1094_21,1094,0,8956,1.2513325214385986,0.8142016530036926,1.15625,0.49711328744888306,0.5189877152442932,0.6097564697265625,0.8657772541046143,2.2901267528533946,11.281915855407686,96.04952362060408,1.482259094715119,8.747496604919387,70.24575576782199,0.8330125561360096,0.8167409300804138,0.5046237111091614,0.65269697,1.6429675,0.3230552673339844,0.8167409300804138,0.5048950910568237,0.65269697,1.6429675,0.3230552673339844
1094_21-1.npz,1094_21,1094,1,8956,1.2513325214385986,0.8142016530036926,1.15625,0.49711328744888306,0.5189877152442932,0.6097564697265625,0.8657772541046143,3.132686376571656,17.54682703018184,143.28458847045883,2.202115893363954,15.769742441177302,133.82845397949217,0.8561484918793504,0.7229909300804138,0.5024814605712891,0.57777685,1.4543786,0.22930526733398438,0.7854909300804138,0.5080090761184692,0.6277236,1.5801045,0.2918052673339844
1094_21-2.npz,1094_21,1094,2,8956,1.2513325214385986,0.8142016530036926,1.15625,0.49711328744888306,0.5189877152442932,0.6097564697265625,0.8657772541046143,2.5757726907730136,14.772600603103612,133.2688014221191,2.521931219100954,12.534655094146649,125.07163139343166,0.8735362997658079,0.7698659300804138,0.5008112192153931,0.6152369,1.548673,0.2761802673339844,0.7698659300804138,0.5044602751731873,0.6152369,1.548673,0.2761802673339844
1094_21-3.npz,1094_21,1094,3,8956,1.2513325214385986,0.8142016530036926,1.15625,0.49711328744888306,0.5189877152442932,0.6097564697265625,0.8657772541046143,2.7944880008697517,14.555431127548195,117.3954284667964,1.7495040178298953,9.597277069091628,85.75202713012675,0.8668906935498927,0.8011159300804138,0.5044602751731873,0.6402103,1.6115359,0.3074302673339844,0.7073659300804138,0.4980475902557373,0.56529015,1.4229472,0.21368026733398438
1094_21-4.npz,1094_21,1094,4,8956,1.2513325214385986,0.8142016530036926,1.15625,0.49711328744888306,0.5189877152442932,0.6097564697265625,0.8657772541046143,2.2455288887023968,14.686571073532104,145.22435943603492,1.9356645584106458,12.340131235122588,102.79078124999985,0.884303749764462,0.8167409300804138,0.508536696434021,0.65269697,1.6429675,0.3230552673339844,0.8167409300804138,0.5083668828010559,0.65269697,1.6429675,0.3230552673339844
1094_22-0.npz,1094_22,1094,0,5427,1.094964623451233,0.8140311241149902,0.875,0.32280880212783813,0.21433115005493164,0.524705171585083,0.695417046546936,1.2848638534545902,5.410173344612027,54.228913078307976,1.3369758248329169,5.438569617271413,55.45357013702329,0.92789666473877,0.3774966299533844,0.19356247782707214,0.34475693,1.1694125,0.05579763650894165,0.3774966299533844,0.19161298871040344,0.34475693,1.1694125,0.05579763650894165
1094_22-1.npz,1094_22,1094,1,5427,1.094964623451233,0.8140311241149902,0.875,0.32280880212783813,0.21433115005493164,0.524705171585083,0.695417046546936,1.292499697208406,5.615714454650858,54.704265022277504,1.18149279356003,5.195693469047535,51.74326675414929,0.9312475859405176,0.3931216299533844,0.19356247782707214,0.3590268,1.2178158,0.07142263650894165,0.3931216299533844,0.1955152153968811,0.3590268,1.2178158,0.07142263650894165
1094_22-2.npz,1094_22,1094,2,5427,1.094964623451233,0.8140311241149902,0.875,0.32280880212783813,0.21433115005493164,0.524705171585083,0.695417046546936,1.2926201343536383,5.455018138885482,52.40255294799791,1.2629663586616517,5.249538183212262,48.58083164215065,0.9413706076490002,0.3931216299533844,0.19161298871040344,0.3590268,1.2178158,0.07142263650894165,0.3931216299533844,0.18965724110603333,0.3590268,1.2178158,0.07142263650894165
1094_22-3.npz,1094_22,1094,3,5427,1.094964623451233,0.8140311241149902,0.875,0.32280880212783813,0.21433115005493164,0.524705171585083,0.695417046546936,1.3047981739044243,5.488677215576121,53.46148193359344,1.314397478103638,5.23325541019438,52.49751636505112,0.9400523814142981,0.3931216299533844,0.19161298871040344,0.3590268,1.2178158,0.07142263650894165,0.3931216299533844,0.19356247782707214,0.3590268,1.2178158,0.07142263650894165
1094_22-4.npz,1094_22,1094,4,5427,1.094964623451233,0.8140311241149902,0.875,0.32280880212783813,0.21433115005493164,0.524705171585083,0.695417046546936,1.3260500192642222,5.656199097633361,54.42629123687703,1.2585193991661072,5.2296249151229555,50.92342578887775,0.9421246844047387,0.3931216299533844,0.19161298871040344,0.3590268,1.2178158,0.07142263650894165,0.3931216299533844,0.19356247782707214,0.3590268,1.2178158,0.07142263650894165
1094_24-0.npz,1094_24,1094,0,20332,1.938504934310913,0.8163841366767883,1.21875,1.1770180463790894,0.787544310092926,0.9276790618896484,1.5412942171096802,26.06649322509766,106.98035125732376,337.9198040771478,22.820750236511252,91.57115745544428,307.6377911376938,0.8578727357176034,1.415895700454712,0.8359379768371582,0.73040605,1.2029516,0.2409607172012329,1.4158669710159302,0.8125004172325134,0.7303912,1.2029271,0.2409607172012329
1094_24-1.npz,1094_24,1094,1,20332,1.938504934310913,0.8163841366767883,1.21875,1.1770180463790894,0.787544310092926,0.9276790618896484,1.5412942171096802,23.466444969177257,103.70929450988712,355.3223345947263,21.142544555664074,86.77304458618131,370.0162252807583,0.8770530267480057,1.3984646797180176,0.8291565179824829,0.721414,1.1881421,0.2253357172012329,1.4158669710159302,0.8359379172325134,0.7303912,1.2029271,0.2409607172012329
1094_24-2.npz,1094_24,1094,2,20332,1.938504934310913,0.8163841366767883,1.21875,1.1770180463790894,0.787544310092926,0.9276790618896484,1.5412942171096802,26.202626800537224,97.92227249145432,278.7340783691406,20.410219001770084,73.54773979186952,241.75885757446142,0.8368846436443791,1.4140896797180176,0.8359379768371582,0.72947437,1.2014172,0.2409607172012329,1.4140896797180176,0.8214898109436035,0.72947437,1.2014172,0.2409607172012329
1094_24-3.npz,1094_24,1094,3,20332,1.938504934310913,0.8163841366767883,1.21875,1.1770180463790894,0.787544310092926,0.9276790618896484,1.5412942171096802,24.049415779113815,88.69433326721162,264.19986511230434,20.037776374816897,67.72544288635149,227.50297149658158,0.859254438969973,1.4609646797180176,0.8125009536743164,0.7536554,1.2412424,0.2878357172012329,1.4609646797180176,0.8131074905395508,0.7536554,1.2412424,0.2878357172012329
1094_24-4.npz,1094_24,1094,4,20332,1.938504934310913,0.8163841366767883,1.21875,1.1770180463790894,0.787544310092926,0.9276790618896484,1.5412942171096802,23.060243225097665,89.76888847351036,296.1393307495117,19.88308086395264,73.21180229186972,291.95962097167967,0.8076644974692697,1.4122984409332275,0.8125087022781372,0.7285504,1.1998953,0.2409607172012329,1.3984646797180176,0.820320725440979,0.721414,1.1881421,0.2253357172012329
1094_25-0.npz,1094_25,1094,0,21087,2.0633585453033447,0.8158460855484009,1.1875,1.284524917602539,0.780843198299408,0.9666793346405029,1.670708417892456,37.25681533813479,96.57259712219235,318.06203277587844,25.187189292907778,85.78697967529277,319.9774938964842,0.7176228100309172,1.3926692008972168,0.7968747615814209,0.67495257,1.0841901,0.11140012741088867,1.4239192008972168,0.7968761324882507,0.6900978,1.1085181,0.14265012741088867
1094_25-1.npz,1094_25,1094,1,21087,2.0633585453033447,0.8158460855484009,1.1875,1.284524917602539,0.780843198299408,0.9666793346405029,1.670708417892456,32.626332473754914,74.82202453613264,245.15028961181616,25.753354644775392,70.94600753784141,252.89354690551747,0.7806267806267806,1.384890079498291,0.8046875,0.67118245,1.0781341,0.11140012741088867,1.3809198141098022,0.8046875,0.6692583,1.0750432,0.11140012741088867
1094_25-2.npz,1094_25,1094,2,21087,2.0633585453033447,0.8158460855484009,1.1875,1.284524917602539,0.780843198299408,0.9666793346405029,1.670708417892456,32.36262702941895,82.69382324218745,263.16493316650354,24.687834548950207,64.08614463806103,230.33704010009745,0.762114537444934,1.3869760036468506,0.7968755960464478,0.6721934,1.0797579,0.11140012741088867,1.4200458526611328,0.8085952997207642,0.6882206,1.1055027,0.14265012741088867
1094_25-3.npz,1094_25,1094,3,21087,2.0633585453033447,0.8158460855484009,1.1875,1.284524917602539,0.780843198299408,0.9666793346405029,1.670708417892456,42.067410278320345,94.2705513000488,237.43120803833003,29.523907089233404,63.48101043701163,220.14282012939375,0.6609916119923595,1.3926692008972168,0.7968746423721313,0.67495257,1.0841901,0.11140012741088867,1.3908443450927734,0.7968746423721313,0.6740682,1.0827695,0.11140012741088867
1094_25-4.npz,1094_25,1094,4,21087,2.0633585453033447,0.8158460855484009,1.1875,1.284524917602539,0.780843198299408,0.9666793346405029,1.670708417892456,36.65799865722657,79.19944877624486,223.0261944580066,23.819637298583984,60.858110618591056,220.57430191040035,0.6530291759649558,1.3906514644622803,0.8007794618606567,0.6739747,1.0826193,0.11140012741088867,1.3848028182983398,0.8046875,0.6711402,1.0780661,0.11140012741088867
1094_26-0.npz,1094_26,1094,0,23935,2.218989849090576,0.8166106939315796,1.21875,1.464449167251587,0.8081429600715637,1.0598095655441284,1.8428301811218262,26.439656448364282,76.88757171630797,225.8299816894528,20.641153717041018,58.2787229537962,210.4560327148437,0.7905102954341987,1.5489962100982666,0.8164061307907104,0.6980637,1.057733,0.08709704875946045,1.5493069887161255,0.8167738914489746,0.69820374,1.0579453,0.08709704875946045
1094_26-1.npz,1094_26,1094,1,23935,2.218989849090576,0.8166106939315796,1.21875,1.464449167251587,0.8081429600715637,1.0598095655441284,1.8428301811218262,25.380880355834964,64.24217147827137,230.5849682617179,21.3891986846924,56.68519840240476,201.39416687011652,0.7798344753937884,1.5493069887161255,0.8164092302322388,0.69820374,1.0579453,0.08709704875946045,1.5493069887161255,0.8164072036743164,0.69820374,1.0579453,0.08709704875946045
1094_26-2.npz,1094_26,1094,2,23935,2.218989849090576,0.8166106939315796,1.21875,1.464449167251587,0.8081429600715637,1.0598095655441284,1.8428301811218262,22.760876655578652,78.34657669067289,309.7764379882808,18.202671051025398,60.1768371582027,252.840579986571,0.8001800180018002,1.5493069887161255,0.8187072277069092,0.69820374,1.0579453,0.08709704875946045,1.5412893295288086,0.8187072277069092,0.6945905,1.0524703,0.08709704875946045
1094_26-3.npz,1094_26,1094,3,23935,2.218989849090576,0.8166106939315796,1.21875,1.464449167251587,0.8081429600715637,1.0598095655441284,1.8428301811218262,25.12725906372076,75.2830188751219,263.8145190429664,20.38469924926758,58.92117443084717,226.4861309814448,0.7885888034340905,1.5336819887161255,0.8124212026596069,0.6911622,1.0472757,0.07147204875946045,1.5336819887161255,0.8183364868164062,0.6911622,1.0472757,0.07147204875946045
1094_26-4.npz,1094_26,1094,4,23935,2.218989849090576,0.8166106939315796,1.21875,1.464449167251587,0.8081429600715637,1.0598095655441284,1.8428301811218262,21.338274383544928,73.73149261474606,255.93900222778183,16.65519771575928,58.20010089874242,226.44323730468656,0.8063583815028902,1.5333712100982666,0.8187270164489746,0.69102216,1.0470635,0.07147204875946045,1.5470688343048096,0.8187270164489746,0.6971951,1.0564169,0.08709704875946045
1095_10-0.npz,1095_10,1095,0,22749,2.157461404800415,0.8162843585014343,1.1875,1.4027488231658936,0.8047614097595215,1.0287715196609497,1.7763862609863281,31.453129386901907,92.8854438781738,261.55767028808566,27.343922424316446,69.47574653625473,256.9881076049793,0.7942047187584104,1.5295372009277344,0.8083517551422119,0.7089523,1.0903857,0.13107514381408691,1.5295372009277344,0.8121934533119202,0.7089523,1.0903857,0.13107514381408691
1095_10-1.npz,1095_10,1095,1,22749,2.157461404800415,0.8162843585014343,1.1875,1.4027488231658936,0.8047614097595215,1.0287715196609497,1.7763862609863281,31.643688011169452,82.31994247436462,257.5260040283203,23.0567279815674,63.13943023681598,222.76208557128885,0.7502406580904875,1.5295372009277344,0.8083517551422119,0.7089523,1.0903857,0.13107514381408691,1.5295372009277344,0.8083517551422119,0.7089523,1.0903857,0.13107514381408691
1095_10-2.npz,1095_10,1095,2,22749,2.157461404800415,0.8162843585014343,1.1875,1.4027488231658936,0.8047614097595215,1.0287715196609497,1.7763862609863281,35.22104530334473,89.96014595031723,322.43759185790975,25.395338439941423,66.33378829956028,312.81760284423825,0.7066302585544841,1.5295372009277344,0.808310329914093,0.7089523,1.0903857,0.13107514381408691,1.6076622009277344,0.8121934533119202,0.74516386,1.1460799,0.20920014381408691
1095_10-3.npz,1095_10,1095,3,22749,2.157461404800415,0.8162843585014343,1.1875,1.4027488231658936,0.8047614097595215,1.0287715196609497,1.7763862609863281,36.82138442993168,88.20316085815406,275.8115078735345,23.487692451477052,60.50888710021902,209.57161956787107,0.6792611251049538,1.5295372009277344,0.808310329914093,0.7089523,1.0903857,0.13107514381408691,1.5295372009277344,0.8121934533119202,0.7089523,1.0903857,0.13107514381408691
1095_10-4.npz,1095_10,1095,4,22749,2.157461404800415,0.8162843585014343,1.1875,1.4027488231658936,0.8047614097595215,1.0287715196609497,1.7763862609863281,37.543933105468874,90.32140808105464,235.20768692016503,25.220883560180685,67.16759948730454,234.80410644531185,0.7157073003345629,1.5295372009277344,0.808310329914093,0.7089523,1.0903857,0.13107514381408691,1.547368049621582,0.8043316006660461,0.717217,1.1030971,0.14670014381408691
1095_11-0.npz,1095_11,1095,0,15435,1.9385645389556885,0.8151733875274658,1.21875,1.1723661422729492,0.7605819702148438,0.8802122473716736,1.545340895652771,32.120447540283216,96.29660911560016,244.6106477355951,23.921758842468275,69.4760055541992,206.97655914306637,0.7817371937639198,1.2949535846710205,0.7929705381393433,0.6679961,1.1045641,0.12759864330291748,1.2951595783233643,0.7929705381393433,0.6681024,1.1047398,0.12759864330291748
1095_11-1.npz,1095_11,1095,1,15435,1.9385645389556885,0.8151733875274658,1.21875,1.1723661422729492,0.7605819702148438,0.8802122473716736,1.545340895652771,33.70650520324708,98.32773628234823,260.58498474121,23.098147583007815,97.91086044311439,293.6867932128893,0.7863522686673812,1.2949535846710205,0.7823760509490967,0.6679961,1.1045641,0.12759864330291748,1.3440957069396973,0.782370924949646,0.69334584,1.1464812,0.17447364330291748
1095_11-2.npz,1095_11,1095,2,15435,1.9385645389556885,0.8151733875274658,1.21875,1.1723661422729492,0.7605819702148438,0.8802122473716736,1.545340895652771,31.915714645385773,92.18504028320288,266.161327514648,24.135904502868666,75.84794197082506,301.83949371337866,0.7806267806267806,1.2972207069396973,0.7804192900657654,0.6691656,1.1064979,0.12759864330291748,1.3440957069396973,0.7890625,0.69334584,1.1464812,0.17447364330291748
1095_11-3.npz,1095_11,1095,3,15435,1.9385645389556885,0.8151733875274658,1.21875,1.1723661422729492,0.7605819702148438,0.8802122473716736,1.545340895652771,31.004711914062568,89.90056953430158,311.14324890136623,24.958068466186543,76.87367744445791,292.69841766357376,0.7697548889478807,1.297337532043457,0.7818368673324585,0.6692259,1.1065975,0.12759864330291748,1.3420981168746948,0.7823100090026855,0.6923154,1.1447773,0.17447364330291748
1095_11-4.npz,1095_11,1095,4,15435,1.9385645389556885,0.8151733875274658,1.21875,1.1723661422729492,0.7605819702148438,0.8802122473716736,1.545340895652771,28.877931594848782,95.10884857177733,294.6666693115232,24.753637313842773,75.51611175537079,222.57436904907198,0.8340210912425493,1.2951403856277466,0.7890625,0.6680925,1.1047235,0.12759864330291748,1.2951595783233643,0.796875,0.6681024,1.1047398,0.12759864330291748
1095_13-0.npz,1095_13,1095,0,10919,1.3446710109710693,0.8142123222351074,1.25,0.5925637483596802,0.588959813117981,0.6678324937820435,0.9657743573188782,0.8460183620452897,5.3126044750213595,143.29847610473485,0.7656324803829214,4.83810636997222,135.81356628417856,0.9351717464925012,0.9695625305175781,0.5918866395950317,0.7210407,1.6362164,0.37889665365219116,0.9695625305175781,0.5937662124633789,0.7210407,1.6362164,0.37889665365219116
1095_13-1.npz,1095_13,1095,1,10919,1.3446710109710693,0.8142123222351074,1.25,0.5925637483596802,0.588959813117981,0.6678324937820435,0.9657743573188782,0.8417814850807229,5.0994896888732795,149.95103347778186,0.7614906489849115,4.664582633972167,141.84091644287057,0.936295866008326,0.9695625305175781,0.6015637516975403,0.7210407,1.6362164,0.37889665365219116,0.9695625305175781,0.5996960401535034,0.7210407,1.6362164,0.37889665365219116
1095_13-2.npz,1095_13,1095,2,10919,1.3446710109710693,0.8142123222351074,1.25,0.5925637483596802,0.588959813117981,0.6678324937820435,0.9657743573188782,0.9220912396907835,5.359496688842771,160.73202438354477,0.838228148221971,4.6514315605163565,156.0284701538058,0.9389238972370334,0.9695625305175781,0.6015637516975403,0.7210407,1.6362164,0.37889665365219116,0.9695625305175781,0.6015630960464478,0.7210407,1.6362164,0.37889665365219116
1095_13-3.npz,1095_13,1095,3,10919,1.3446710109710693,0.8142123222351074,1.25,0.5925637483596802,0.588959813117981,0.6678324937820435,0.9657743573188782,0.8688759565353397,5.1287731885909675,146.17280609130717,0.7926808357238773,4.940466928482005,139.68396774291946,0.927710843373494,0.9695625305175781,0.5996960401535034,0.7210407,1.6362164,0.37889665365219116,0.9695625305175781,0.5996960401535034,0.7210407,1.6362164,0.37889665365219116
1095_13-4.npz,1095_13,1095,4,10919,1.3446710109710693,0.8142123222351074,1.25,0.5925637483596802,0.588959813117981,0.6678324937820435,0.9657743573188782,0.9065454959869392,5.3562518835067685,150.93724960326875,0.8055635571479798,4.589394378662108,150.656389465332,0.92789666473877,0.9695625305175781,0.5996960401535034,0.7210407,1.6362164,0.37889665365219116,0.9695625305175781,0.5918866395950317,0.7210407,1.6362164,0.37889665365219116
1095_14-0.npz,1095_14,1095,0,21571,2.0633554458618164,0.8147449493408203,1.25,1.3006651401519775,0.8380253314971924,1.0225282907485962,1.6678426265716553,30.188701438903873,70.97721519470204,263.74254150390504,18.603062629699725,50.8298040390014,235.62438674926753,0.7073587160662456,1.5352723598480225,0.8750001192092896,0.7440659,1.1803749,0.23926293849945068,1.5742534399032593,0.8692176342010498,0.76295793,1.2103449,0.2861379384994507
1095_14-1.npz,1095_14,1095,1,21571,2.0633554458618164,0.8147449493408203,1.25,1.3006651401519775,0.8380253314971924,1.0225282907485962,1.6678426265716553,21.010819625854513,63.95416221618646,258.0672860717758,15.880118846893312,55.60499610900877,217.55970367431627,0.7940437746681019,1.5881125926971436,0.8632819652557373,0.7696748,1.2210003,0.3017629384994507,1.6193625926971436,0.8671876192092896,0.78481996,1.2450265,0.33301281929016113
1095_14-2.npz,1095_14,1095,2,21571,2.0633554458618164,0.8147449493408203,1.25,1.3006651401519775,0.8380253314971924,1.0225282907485962,1.6678426265716553,25.2355224609375,80.14109382629384,256.72555023193235,19.092226028442386,62.36492538452141,225.8281271362296,0.7814197915738844,1.5823978185653687,0.8593746423721313,0.7669051,1.2166066,0.2861379384994507,1.5665223598480225,0.8671881556510925,0.7592111,1.204401,0.2705129384994507
1095_14-3.npz,1095_14,1095,3,21571,2.0633554458618164,0.8147449493408203,1.25,1.3006651401519775,0.8380253314971924,1.0225282907485962,1.6678426265716553,20.133653831481933,60.46979408264159,240.83401458740008,13.480603885650664,42.0997266769409,185.71102844238249,0.7749378771742989,1.5801715850830078,0.8750001192092896,0.76582617,1.214895,0.3017629384994507,1.5781471729278564,0.8750001192092896,0.764845,1.2133386,0.3017629384994507
1095_14-4.npz,1095_14,1095,4,21571,2.0633554458618164,0.8147449493408203,1.25,1.3006651401519775,0.8380253314971924,1.0225282907485962,1.6678426265716553,24.026706314086958,60.57461280822735,194.4224694824215,16.099081611633302,44.02385578155504,213.77833602905238,0.7148246591785989,1.5667728185653687,0.8671877384185791,0.7593325,1.2045935,0.2705129384994507,1.5980228185653687,0.8692176342010498,0.7744777,1.2286197,0.3017629384994507
1095_16-0.npz,1095_16,1095,0,21269,1.9382474422454834,0.8146742582321167,1.21875,1.1888823509216309,0.7850050926208496,0.9649091362953186,1.570580005645752,18.472712898254397,57.32574520111083,251.29334426879882,12.825298786163343,40.871265411376925,233.7647335815428,0.7473353136466888,1.441782832145691,0.8252304792404175,0.743859,1.2127212,0.25829243659973145,1.473032832145691,0.8291354179382324,0.7599818,1.2390064,0.28954243659973145
1095_16-1.npz,1095_16,1095,1,21269,1.9382474422454834,0.8146742582321167,1.21875,1.1888823509216309,0.7850050926208496,0.9649091362953186,1.570580005645752,19.33834209442139,50.72595119476281,236.91568878173763,15.625278377532986,46.21527061462383,229.8314065551754,0.8244845831052727,1.3946795463562012,0.8173789978027344,0.719557,1.1731014,0.21141743659973145,1.4570313692092896,0.8213731050491333,0.7517262,1.2255472,0.28954243659973145
1095_16-2.npz,1095_16,1095,2,21269,1.9382474422454834,0.8146742582321167,1.21875,1.1888823509216309,0.7850050926208496,0.9649091362953186,1.570580005645752,13.014445400238042,44.22459011077872,241.49274353027246,10.658020973205584,35.543208312988156,208.5427365112298,0.8561484918793504,1.4512171745300293,0.8281279802322388,0.7487265,1.2206566,0.28954243659973145,1.4512171745300293,0.8213759660720825,0.7487265,1.2206566,0.28954243659973145
1095_16-3.npz,1095_16,1095,3,21269,1.9382474422454834,0.8146742582321167,1.21875,1.1888823509216309,0.7850050926208496,0.9649091362953186,1.570580005645752,19.137951850891124,50.8318962097166,229.1817120361318,14.583444786071778,42.78048171997057,208.27818359374996,0.779042874933286,1.4377355575561523,0.8242201805114746,0.7417709,1.209317,0.25829243659973145,1.4707260131835938,0.8242202401161194,0.7587917,1.237066,0.28954243659973145
1095_16-4.npz,1095_16,1095,4,21269,1.9382474422454834,0.8146742582321167,1.21875,1.1888823509216309,0.7850050926208496,0.9649091362953186,1.570580005645752,15.927123928070078,45.5777589797973,219.89160507201998,12.445946311950703,38.13165988922119,203.39331573486277,0.822987877130617,1.451279878616333,0.8173789978027344,0.74875885,1.2207094,0.28954243659973145,1.4570313692092896,0.8203154802322388,0.7517262,1.2255472,0.28954243659973145
1095_17-0.npz,1095_17,1095,0,19192,1.96875,0.814818263053894,1.125,1.1821064949035645,0.7327992916107178,0.9354034066200256,1.574526071548462,22.635643196105956,60.749830627441334,186.48468811035147,16.966410636901884,46.095586395263666,143.21114410400355,0.7395842393667913,0.8928948044776917,0.5443514585494995,0.45353386,0.7553421,-0.2794370651245117,0.8791895508766174,0.5442168116569519,0.44657248,0.7437482,-0.27736783027648926
1095_17-1.npz,1095_17,1095,1,19192,1.96875,0.814818263053894,1.125,1.1821064949035645,0.7327992916107178,0.9354034066200256,1.574526071548462,20.220085716247574,56.981408119201646,190.1183706665032,15.185352039337186,47.25798301696775,173.11242431640613,0.7700681476236835,0.8986315131187439,0.5441302061080933,0.45644775,0.7601951,-0.2794370651245117,0.9199697971343994,0.550180196762085,0.46728626,0.7782461,-0.2581202983856201
1095_17-2.npz,1095_17,1095,2,19192,1.96875,0.814818263053894,1.125,1.1821064949035645,0.7327992916107178,0.9354034066200256,1.574526071548462,28.706153869628913,56.35943336486799,175.73962646484287,18.03644027709962,42.458371734619,150.67323150634755,0.6603021749958492,0.8847700357437134,0.5439597964286804,0.449407,0.748469,-0.2835317850112915,0.9101713299751282,0.5402460694313049,0.46230924,0.7699571,-0.2581202983856201
1095_17-3.npz,1095_17,1095,3,19192,1.96875,0.814818263053894,1.125,1.1821064949035645,0.7327992916107178,0.9354034066200256,1.574526071548462,24.651268577575696,54.32251758575432,208.42357086181642,17.436287307739285,39.93071823120114,172.54926986694272,0.7095478246003932,0.8789480924606323,0.5441302061080933,0.44644982,0.7435439,-0.28151631355285645,0.9022678136825562,0.5441302061080933,0.45829475,0.76327115,-0.2581202983856201
1095_17-4.npz,1095_17,1095,4,19192,1.96875,0.814818263053894,1.125,1.1821064949035645,0.7327992916107178,0.9354034066200256,1.574526071548462,20.46946353912354,47.86778755187985,172.42706207275378,12.77534523010254,33.99385986328117,169.3832415771474,0.6742005692281935,0.9142115712165833,0.5441302061080933,0.46436143,0.773375,-0.2581202983856201,0.9238527417182922,0.550180196762085,0.46925855,0.7815309,-0.2503066062927246
1095_18-0.npz,1095_18,1095,0,10087,1.3141942024230957,0.8156652450561523,0.65625,0.5576832890510559,0.21919316053390503,0.6350417137145996,0.9404642581939697,43.0844821929932,103.62687072753901,239.81971511840666,29.580702590942394,78.51071739196767,256.85002929687494,0.7088174982911825,0.5694255828857422,0.21192875504493713,0.43328875,1.0210555,0.03011023998260498,0.5997797250747681,0.23808789253234863,0.4563859,1.0754845,0.06032454967498779
1095_18-1.npz,1095_18,1095,1,10087,1.3141942024230957,0.8156652450561523,0.65625,0.5576832890510559,0.21919316053390503,0.6350417137145996,0.9404642581939697,49.17651062011719,113.33986511230468,277.6723849487303,39.73960037231447,92.83687248229941,264.9377383422851,0.7559262510974539,0.5694255828857422,0.21037694811820984,0.43328875,1.0210555,0.03011023998260498,0.603768527507782,0.23801785707473755,0.4594211,1.082637,0.06032454967498779
1095_18-2.npz,1095_18,1095,2,10087,1.3141942024230957,0.8156652450561523,0.65625,0.5576832890510559,0.21919316053390503,0.6350417137145996,0.9404642581939697,36.89538230896001,95.09545860290527,278.6841799926757,30.90282726287845,83.2382320404049,285.38555572509716,0.8185124568103291,0.5578457117080688,0.2143310010433197,0.42447737,1.0002912,0.030211448669433594,0.563441812992096,0.21440118551254272,0.42873558,1.0103258,0.029936790466308594
1095_18-3.npz,1095_18,1095,3,10087,1.3141942024230957,0.8156652450561523,0.65625,0.5576832890510559,0.21919316053390503,0.6350417137145996,0.9404642581939697,41.26564636230471,92.07336807250944,252.3364001464838,38.70282669067384,95.0351478576646,268.4627532958976,0.8112660749864155,0.6239153146743774,0.23020458221435547,0.47475123,1.1187629,0.08459997177124023,0.6260294914245605,0.23032891750335693,0.47635996,1.1225538,0.08459997177124023
1095_18-4.npz,1095_18,1095,4,10087,1.3141942024230957,0.8156652450561523,0.65625,0.5576832890510559,0.21919316053390503,0.6350417137145996,0.9404642581939697,42.15776863098147,84.62582511901843,221.03872085571263,33.008644485473695,68.17034454345692,178.22833984374904,0.736714136853074,0.5887341499328613,0.2005852609872818,0.4479811,1.0556782,0.04522836208343506,0.646514892578125,0.22805899381637573,0.49194777,1.1592869,0.10719954967498779
1096_10-0.npz,1096_10,1096,0,13601,2.0015275478363037,0.8156720399856567,1.15625,1.2481046915054321,0.7483780384063721,0.8415260910987854,1.6294450759887695,21.16443462371829,63.86021385192867,238.04082260131804,17.537466049194375,62.43268775939857,228.7910105895993,0.8789928598271327,1.3203774690628052,0.7668792009353638,0.6596849,1.057906,0.12208247184753418,1.3203774690628052,0.7667242288589478,0.6596849,1.057906,0.12208247184753418
1096_10-1.npz,1096_10,1096,1,13601,2.0015275478363037,0.8156720399856567,1.15625,1.2481046915054321,0.7483780384063721,0.8415260910987854,1.6294450759887695,18.765658950805676,74.7002464294433,260.4447259521484,15.834724426269567,61.948066711425724,226.59414657592725,0.8774054257016802,1.3614981174468994,0.7688337564468384,0.68022954,1.0908525,0.15333247184753418,1.4455854892730713,0.7688337564468384,0.7222411,1.1582246,0.23145747184753418
1096_10-2.npz,1096_10,1096,2,13601,2.0015275478363037,0.8156720399856567,1.15625,1.2481046915054321,0.7483780384063721,0.8415260910987854,1.6294450759887695,28.96388320922855,75.10284996032681,251.43436157226557,21.145058441162128,60.80291099548319,242.2388096618649,0.7442874585731729,1.347883939743042,0.7667242288589478,0.67342764,1.0799446,0.10645747184753418,1.399013638496399,0.7649176120758057,0.69897294,1.1209105,0.15333247184753418
1096_10-3.npz,1096_10,1096,3,13601,2.0015275478363037,0.8156720399856567,1.15625,1.2481046915054321,0.7483780384063721,0.8415260910987854,1.6294450759887695,27.986804962158264,85.59505729675251,265.85374542236275,19.151530838012743,66.40404777526854,217.3555053710936,0.7946877243359656,1.3398903608322144,0.7668792009353638,0.6694339,1.0735401,0.12208247184753418,1.3770215511322021,0.7686787843704224,0.6879853,1.1032901,0.15333247184753418
1096_10-4.npz,1096_10,1096,4,13601,2.0015275478363037,0.8156720399856567,1.15625,1.2481046915054321,0.7483780384063721,0.8415260910987854,1.6294450759887695,27.83093986511231,67.27566413879377,224.96521270751666,23.57750358581546,58.66857967376692,232.43563049316387,0.7865118356409111,1.3635075092315674,0.7667242288589478,0.68123347,1.0924624,0.12208247184753418,1.3947575092315674,0.7647626399993896,0.69684654,1.1175004,0.15333247184753418
1096_11-0.npz,1096_11,1096,0,22531,2.1258060932159424,0.8150335550308228,1.25,1.3543550968170166,0.8347991704940796,1.0136398077011108,1.7328269481658936,28.488100242614767,78.72066459655757,290.4596551513633,22.296167564392093,71.33297157287593,244.69272323608283,0.8186778212239701,1.5374808311462402,0.859379768371582,0.72324604,1.1352125,0.18985414505004883,1.5706641674041748,0.859391450881958,0.7388558,1.1597137,0.22110414505004883
1096_11-1.npz,1096_11,1096,1,22531,2.1258060932159424,0.8150335550308228,1.25,1.3543550968170166,0.8347991704940796,1.0136398077011108,1.7328269481658936,30.021506118774433,76.13113632202129,234.68429687499992,20.379613685607964,56.51389980316136,212.24164550781157,0.7228012748729434,1.5374808311462402,0.8593801856040955,0.72324604,1.1352125,0.18985414505004883,1.582195520401001,0.8594706654548645,0.7442803,1.168228,0.23672914505004883
1096_11-2.npz,1096_11,1096,2,22531,2.1258060932159424,0.8150335550308228,1.25,1.3543550968170166,0.8347991704940796,1.0136398077011108,1.7328269481658936,30.049759483337443,74.8972595214843,236.23705322265567,25.882861137390154,63.904611968993954,230.51146408081038,0.7916330735465377,1.4515433311462402,0.8515844345092773,0.6828202,1.0717598,0.10391664505004883,1.4515433311462402,0.8476681113243103,0.6828202,1.0717598,0.10391664505004883
1096_11-3.npz,1096_11,1096,3,22531,2.1258060932159424,0.8150335550308228,1.25,1.3543550968170166,0.8347991704940796,1.0136398077011108,1.7328269481658936,35.3029823303223,90.16702079772936,235.98487594604472,26.207891654968268,68.43852424621568,203.95104843139637,0.737619461337967,1.5585048198699951,0.8535271883010864,0.73313594,1.1507357,0.20547914505004883,1.5741298198699951,0.8574338555335999,0.7404861,1.1622726,0.22110414505004883
1096_11-4.npz,1096_11,1096,4,22531,2.1258060932159424,0.8150335550308228,1.25,1.3543550968170166,0.8347991704940796,1.0136398077011108,1.7328269481658936,37.123148727417,91.42921028137175,252.35935394287094,25.943956756591824,71.82549171447737,209.5720948791497,0.7395842393667913,1.5374808311462402,0.8515844345092773,0.72324604,1.1352125,0.18985414505004883,1.5862891674041748,0.855479896068573,0.7462059,1.1712506,0.23672914505004883
1096_12-0.npz,1096_12,1096,0,22465,1.938488245010376,0.8160811066627502,1.21875,1.1984977722167969,0.7936487197875977,0.9148305058479309,1.5623910427093506,18.700300979614266,67.42620162963799,246.53741973876905,14.456292533874548,57.19208793640132,244.571638946533,0.8053800324968405,1.475071907043457,0.828125,0.7609393,1.2307674,0.2823472023010254,1.50644850730896,0.8203208446502686,0.7771254,1.2569473,0.3135972023010254
1096_12-1.npz,1096_12,1096,1,22465,1.938488245010376,0.8160811066627502,1.21875,1.1984977722167969,0.7936487197875977,0.9148305058479309,1.5623910427093506,13.798553371429447,63.76876163482665,263.854774780273,11.29091606140139,54.40444183349607,260.426625671386,0.8768768768768769,1.47519850730896,0.8359614610671997,0.7610046,1.230873,0.2823472023010254,1.506321907043457,0.8203842639923096,0.7770601,1.2568417,0.3135972023010254
1096_12-2.npz,1096_12,1096,2,22465,1.938488245010376,0.8160811066627502,1.21875,1.1984977722167969,0.7936487197875977,0.9148305058479309,1.5623910427093506,18.11519851684572,63.871765327453595,267.6876602172833,14.997520256042494,59.032028579710754,281.6430139160145,0.8547713994250209,1.475071907043457,0.8203208446502686,0.7609393,1.2307674,0.2823472023010254,1.475071907043457,0.8203208446502686,0.7609393,1.2307674,0.2823472023010254
1096_12-3.npz,1096_12,1096,3,22465,1.938488245010376,0.8160811066627502,1.21875,1.1984977722167969,0.7936487197875977,0.9148305058479309,1.5623910427093506,18.458659362792986,61.44156761169406,245.76892761230383,13.906672000885019,53.16396579742381,249.71636245727495,0.8173557473875511,1.396946907043457,0.8203364610671997,0.72063726,1.1655816,0.2042222023010254,1.475071907043457,0.828125,0.7609393,1.2307674,0.2823472023010254
1096_12-4.npz,1096_12,1096,4,22465,1.938488245010376,0.8160811066627502,1.21875,1.1984977722167969,0.7936487197875977,0.9148305058479309,1.5623910427093506,20.99468421936044,65.30932159423824,239.9592698669417,16.734756660461468,52.7935316085815,248.6704005432123,0.7795177506895631,1.4729132652282715,0.8281286954879761,0.75982577,1.2289662,0.2823472023010254,1.4729132652282715,0.8281489610671997,0.75982577,1.2289662,0.2823472023010254
1096_13-0.npz,1096_13,1096,0,14750,2.0637359619140625,0.8163177967071533,1.15625,1.311234712600708,0.7499803304672241,0.9132261276245117,1.681767463684082,28.3295339584351,55.99054603576659,189.8367228698728,21.81640377044688,47.482225990295234,154.3692651367179,0.7516202487300753,1.3537828922271729,0.7558479309082031,0.6559865,1.0324489,0.04603099822998047,1.357694387435913,0.7578030824661255,0.65788186,1.035432,0.05384349822998047
1096_13-1.npz,1096_13,1096,1,14750,2.0637359619140625,0.8163177967071533,1.15625,1.311234712600708,0.7499803304672241,0.9132261276245117,1.681767463684082,22.029827690124517,52.318656730651725,166.69343673706038,19.899302482605016,45.753760147094674,160.0707374572751,0.7980760586172795,1.3694078922271729,0.7558479309082031,0.6635577,1.0443652,0.06165599822998047,1.3675258159637451,0.7558479309082031,0.6626457,1.0429299,0.06165599822998047
1096_13-2.npz,1096_13,1096,2,14750,2.0637359619140625,0.8163177967071533,1.15625,1.311234712600708,0.7499803304672241,0.9132261276245117,1.681767463684082,20.2707317352295,57.82489204406722,251.6336968994125,16.009730339050297,51.986709022521964,224.51676315307546,0.7861927301955881,1.359620451927185,0.7558479309082031,0.65881515,1.0369009,0.05384349822998047,1.3672373294830322,0.7617183923721313,0.6625059,1.0427098,0.06165599822998047
1096_13-3.npz,1096_13,1096,3,14750,2.0637359619140625,0.8163177967071533,1.15625,1.311234712600708,0.7499803304672241,0.9132261276245117,1.681767463684082,17.67351284027103,54.00542621612511,176.67485092163017,14.511002254486089,37.99000492095941,147.11468551635716,0.825150574922431,1.3675258159637451,0.7519404888153076,0.6626457,1.0429299,0.06165599822998047,1.365506887435913,0.7617183923721313,0.66166747,1.0413902,0.06165599822998047
1096_13-4.npz,1096_13,1096,4,14750,2.0637359619140625,0.8163177967071533,1.15625,1.311234712600708,0.7499803304672241,0.9132261276245117,1.681767463684082,16.908908462524415,50.51248149871821,173.15086090087829,14.260586166381866,42.91643314361566,163.28195770263628,0.8284878405558603,1.3675258159637451,0.7617183923721313,0.6626457,1.0429299,0.06165599822998047,1.3831508159637451,0.7617183923721313,0.6702169,1.054846,0.07728099822998047
1096_14-0.npz,1096_14,1096,0,16083,2.18888521194458,0.8154454231262207,1.1875,1.421797752380371,0.7433339357376099,0.9658806324005127,1.7975940704345703,28.293400192260762,83.11776580810525,262.82436157226505,22.126723861694337,59.996937561035104,211.72158920288078,0.7627357659086903,0.5782142877578735,0.21279603242874146,0.26415926,0.4066783,-0.8352714776992798,0.5474159717559814,0.21361181139945984,0.25008893,0.38501677,-0.8660697937011719
1096_14-1.npz,1096_14,1096,1,16083,2.18888521194458,0.8154454231262207,1.1875,1.421797752380371,0.7433339357376099,0.9658806324005127,1.7975940704345703,32.19312782287608,91.38125076293935,296.4076800537109,27.224149894714376,68.3552116394037,219.21855895996032,0.783007934385308,0.6155152320861816,0.18468955159187317,0.28120032,0.43291336,-0.7962089776992798,0.6192671656608582,0.18273548781871796,0.2829144,0.4355522,-0.7962089776992798
1096_14-2.npz,1096_14,1096,2,16083,2.18888521194458,0.8154454231262207,1.1875,1.421797752380371,0.7433339357376099,0.9658806324005127,1.7975940704345703,31.244662857055737,87.09551506042472,274.08322662353453,23.438620185852084,66.73659400939877,293.21865509033114,0.7642907551164432,0.6000717282295227,0.19043245911598206,0.27414492,0.4220514,-0.8196464776992798,0.584463894367218,0.19606998562812805,0.2670144,0.41107386,-0.8352714776992798
1096_14-3.npz,1096_14,1096,3,16083,2.18888521194458,0.8154454231262207,1.1875,1.421797752380371,0.7433339357376099,0.9658806324005127,1.7975940704345703,35.4926940917969,90.2135032653803,276.2832714843745,19.274244308471722,46.6751358032226,210.26472396850556,0.6046213093709885,0.6000717282295227,0.18461263179779053,0.27414492,0.4220514,-0.8196464776992798,0.6212183237075806,0.19622978568077087,0.2838058,0.43692455,-0.7962089776992798
1096_14-4.npz,1096_14,1096,4,16083,2.18888521194458,0.8154454231262207,1.1875,1.421797752380371,0.7433339357376099,0.9658806324005127,1.7975940704345703,33.63141288757326,82.54444618225091,268.9027444458007,25.044299316406253,61.85537548065186,267.0919207763672,0.7465723517596716,0.6235092282295227,0.20037676393985748,0.28485242,0.4385358,-0.7962089776992798,0.6213045716285706,0.2031325101852417,0.28384522,0.4369852,-0.7962089776992798
1096_15-0.npz,1096_15,1096,0,20119,2.0944442749023438,0.8153663277626038,1.125,1.3176836967468262,0.7110892534255981,1.0028172731399536,1.7081999778747559,10.888340282440186,42.10969371795596,247.48106369018376,7.503113222122201,31.168850326538045,243.14202209472654,0.7822135091783996,1.0820345878601074,0.48753821849823,0.51662135,0.82116413,-0.2309432029724121,1.0820345878601074,0.4952751100063324,0.51662135,0.82116413,-0.2309432029724121
1096_15-1.npz,1096_15,1096,1,20119,2.0944442749023438,0.8153663277626038,1.125,1.3176836967468262,0.7110892534255981,1.0028172731399536,1.7081999778747559,13.907095241546646,59.22549819946271,334.1264733886717,10.76790199279788,43.96996955871573,281.00830200195213,0.8204988166757692,1.0079258680343628,0.4952751100063324,0.48123786,0.7649225,-0.30521368980407715,1.0275163650512695,0.5021629333496094,0.4905914,0.77978987,-0.28172874450683594
1096_15-2.npz,1096_15,1096,2,20119,2.0944442749023438,0.8153663277626038,1.125,1.3176836967468262,0.7110892534255981,1.0028172731399536,1.7081999778747559,11.188170051574708,46.17131958007792,228.36984420776264,9.008526897430457,36.462556266784624,219.56693145751942,0.8411120316671269,1.0821963548660278,0.502705454826355,0.51669854,0.8212869,-0.2309432029724121,1.0821963548660278,0.49435049295425415,0.51669854,0.8212869,-0.2309432029724121
1096_15-3.npz,1096_15,1096,3,20119,2.0944442749023438,0.8153663277626038,1.125,1.3176836967468262,0.7110892534255981,1.0028172731399536,1.7081999778747559,11.276892662048343,52.332677650450975,219.90587387084955,9.177381134033215,44.24435577392577,219.6915299987792,0.8563207722294413,1.0820345878601074,0.48753821849823,0.51662135,0.82116413,-0.2309432029724121,1.0742220878601074,0.4873683750629425,0.51289123,0.81523514,-0.2387557029724121
1096_15-4.npz,1096_15,1096,4,20119,2.0944442749023438,0.8153663277626038,1.125,1.3176836967468262,0.7110892534255981,1.0028172731399536,1.7081999778747559,10.412505817413342,55.057419776916426,307.59064147949186,8.133057975769054,46.727997779846184,328.1148013305643,0.8735362997658079,1.070793628692627,0.4952751100063324,0.5112543,0.8126333,-0.2387557029724121,1.055168628692627,0.49293458461761475,0.5037941,0.80077535,-0.2543807029724121
2002_10-0.npz,2002_10,2002,0,15336,2.1881282329559326,0.8161354660987854,1.21875,1.4321602582931519,0.7820963859558105,1.0017650127410889,1.819014549255371,7.57565197944647,44.24541358947745,210.72875137329095,6.188158416748051,35.17602367401101,196.8582518005361,0.9105846388995033,1.7131173610687256,0.8242383003234863,0.7829145,1.1961771,0.2909886837005615,1.7131173610687256,0.828125,0.7829145,1.1961771,0.2909886837005615
2002_10-1.npz,2002_10,2002,1,15336,2.1881282329559326,0.8161354660987854,1.21875,1.4321602582931519,0.7820963859558105,1.0017650127410889,1.819014549255371,6.204822635650641,39.68705577850296,176.95135009765593,5.436806201934818,34.70495071411106,175.45764892578086,0.9192016121293541,1.7131173610687256,0.8359375,0.7829145,1.1961771,0.2909886837005615,1.7131173610687256,0.8359375,0.7829145,1.1961771,0.2909886837005615
2002_10-2.npz,2002_10,2002,2,15336,2.1881282329559326,0.8161354660987854,1.21875,1.4321602582931519,0.7820963859558105,1.0017650127410889,1.819014549255371,6.70566511154175,34.42010021209706,159.84192016601216,5.15853590965271,28.657807350158553,151.68048538207975,0.8885741265344664,1.69546377658844,0.8242383003234863,0.7748466,1.1838506,0.2753636837005615,1.707061767578125,0.8164317011833191,0.780147,1.1919489,0.2909886837005615
2002_10-3.npz,2002_10,2002,3,15336,2.1881282329559326,0.8161354660987854,1.21875,1.4321602582931519,0.7820963859558105,1.0017650127410889,1.819014549255371,6.852222824096685,38.08775730133052,197.87924041748016,5.7274004936218335,32.689181900024245,188.07942367553645,0.9122287025528253,1.7075111865997314,0.8320324420928955,0.7803524,1.1922626,0.2909886837005615,1.718916654586792,0.8320508003234863,0.78556484,1.2002264,0.3066136837005615
2002_10-4.npz,2002_10,2002,4,15336,2.1881282329559326,0.8161354660987854,1.21875,1.4321602582931519,0.7820963859558105,1.0017650127410889,1.819014549255371,7.2122441291809265,37.234589576720914,177.02864639282134,5.717222976684582,29.721661853790014,178.9971070861816,0.8859028760018859,1.7131173610687256,0.8320567011833191,0.7829145,1.1961771,0.2909886837005615,1.7231361865997314,0.8359376192092896,0.7874932,1.2031727,0.3066136837005615
2008_11-0.npz,2008_11,2008,0,6333,1.0631065368652344,0.8763009905815125,1.125,0.2809579372406006,0.36012059450149536,0.5217037796974182,0.6738793849945068,19.82994899749756,163.88134689330846,583.8037145996072,18.377067565917972,119.96936454772937,517.2187908935521,0.949317738791423,0.4823978543281555,0.2043406367301941,0.45376247,1.7169753,0.32672715187072754,0.4862801432609558,0.2121531367301941,0.4574143,1.7307934,0.32672715187072754
2008_11-1.npz,2008_11,2008,1,6333,1.0631065368652344,0.8763009905815125,1.125,0.2809579372406006,0.36012059450149536,0.5217037796974182,0.6738793849945068,19.306738090515164,142.32327728271474,455.07727661132765,16.710709381103523,124.4618850708005,466.61347625732134,0.9372336303758233,0.48827821016311646,0.20053589344024658,0.45929378,1.737905,0.32672715187072754,0.4823978543281555,0.20053589344024658,0.45376247,1.7169753,0.32672715187072754
2008_11-2.npz,2008_11,2008,2,6333,1.0631065368652344,0.8763009905815125,1.125,0.2809579372406006,0.36012059450149536,0.5217037796974182,0.6738793849945068,15.86775455474856,139.4161964416482,407.52572631835903,11.395661735534702,80.73689575195277,300.1328359985343,0.8978933383943822,0.537290096282959,0.20918351411819458,0.5053963,1.9123507,0.35797715187072754,0.5371325016021729,0.21308916807174683,0.50524807,1.9117898,0.35797715187072754
2008_11-3.npz,2008_11,2008,3,6333,1.0631065368652344,0.8763009905815125,1.125,0.2809579372406006,0.36012059450149536,0.5217037796974182,0.6738793849945068,23.50312347412113,182.34313964843733,508.4620507812497,14.060860919952459,126.80982589721661,381.13623596191377,0.9201228878648233,0.4961102604866028,0.20630621910095215,0.46666092,1.7657813,0.32672715187072754,0.4862801432609558,0.2121531367301941,0.4574143,1.7307934,0.32672715187072754
2008_11-4.npz,2008_11,2008,4,6333,1.0631065368652344,0.8763009905815125,1.125,0.2809579372406006,0.36012059450149536,0.5217037796974182,0.6738793849945068,22.25694561004639,151.60606765747065,339.50464477539055,19.206625747680665,133.39183654785123,303.9843829345699,0.9432568985619899,0.4804713726043701,0.20527714490890503,0.45195034,1.7101185,0.31110215187072754,0.48242467641830444,0.20527714490890503,0.4537877,1.7170708,0.31110215187072754
2009_10-0.npz,2009_10,2009,0,10159,1.2832868099212646,0.8150489926338196,0.71875,0.5107669234275818,0.23251736164093018,0.6272172927856445,0.9040583372116089,39.016652297973685,121.83707809448225,346.52721466064446,36.08275909423831,101.29001235961833,316.6563821411127,0.8866144703329875,0.3635419011116028,0.1425902247428894,0.28328967,0.71175694,-0.14102798700332642,0.3654578924179077,0.14678221940994263,0.2847827,0.71550816,-0.14102798700332642
2009_10-1.npz,2009_10,2009,1,10159,1.2832868099212646,0.8150489926338196,0.71875,0.5107669234275818,0.23251736164093018,0.6272172927856445,0.9040583372116089,37.411932373046895,107.1526157379149,307.4673870849605,34.39725914001466,95.58943290710437,285.12766113281185,0.9138755980861244,0.3790491819381714,0.140647754073143,0.2953737,0.7421177,-0.12149596214294434,0.43169504404067993,0.1406901329755783,0.33639795,0.84518987,-0.06680786609649658
2009_10-2.npz,2009_10,2009,2,10159,1.2832868099212646,0.8150489926338196,0.71875,0.5107669234275818,0.23251736164093018,0.6272172927856445,0.9040583372116089,43.699583053588874,124.98762207031223,341.3054122924802,39.27224388122559,116.74646606445272,321.80775634765615,0.8960940462646947,0.4992067813873291,0.211844801902771,0.3890064,0.9773671,-0.00346529483795166,0.42206937074661255,0.16631436347961426,0.32889715,0.8263444,-0.07852745056152344
2009_10-3.npz,2009_10,2009,3,10159,1.2832868099212646,0.8150489926338196,0.71875,0.5107669234275818,0.23251736164093018,0.6272172927856445,0.9040583372116089,38.09274024963382,113.81160736083977,324.58767364501944,33.68127632141113,92.11324310302692,298.6086639404292,0.8637592023110614,0.4182296395301819,0.1387222707271576,0.32590505,0.8188268,-0.08634024858474731,0.4282020330429077,0.14302733540534973,0.333676,0.83835113,-0.07852745056152344
2009_10-4.npz,2009_10,2009,4,10159,1.2832868099212646,0.8150489926338196,0.71875,0.5107669234275818,0.23251736164093018,0.6272172927856445,0.9040583372116089,28.57381248474132,95.17636032104471,306.0185534667964,26.643205451965414,88.32291641235274,302.707603149414,0.8777579569993428,0.4199422001838684,0.12500296533107758,0.32723954,0.82217973,-0.07462036609649658,0.43953031301498413,0.13281439244747162,0.34250358,0.8605301,-0.05899536609649658
2012_11-0.npz,2012_11,2012,0,4425,1.0321478843688965,0.8138021230697632,0.875,0.26198068261146545,0.209716796875,0.49997350573539734,0.6384013891220093,0.35309710502624553,2.0167355537414426,27.057337684631346,0.3505197227001194,1.946600311994545,26.12720573425287,0.9590557351356646,0.37509414553642273,0.1817103624343872,0.36341125,1.4317626,0.11249649524688721,0.37581968307495117,0.17984843254089355,0.3641142,1.434532,0.11249649524688721
2012_11-1.npz,2012_11,2012,1,4425,1.0321478843688965,0.8138021230697632,0.875,0.26198068261146545,0.209716796875,0.49997350573539734,0.6384013891220093,0.3582788586616519,2.002348184585561,27.269770736694163,0.3523296415805819,1.9467077851295418,25.986985549926214,0.9554165037152914,0.35946914553642273,0.1817103624343872,0.34827292,1.3721209,0.09687149524688721,0.35946914553642273,0.1817103624343872,0.34827292,1.3721209,0.09687149524688721
2012_11-2.npz,2012_11,2012,2,4425,1.0321478843688965,0.8138021230697632,0.875,0.26198068261146545,0.209716796875,0.49997350573539734,0.6384013891220093,0.3514644056558612,2.0024002075195115,25.96498510360693,0.3466638356447225,1.9794440984725532,25.95342092514027,0.9550342130987293,0.37509414553642273,0.1817103624343872,0.36341125,1.4317626,0.11249649524688721,0.37509414553642273,0.17971551418304443,0.36341125,1.4317626,0.11249649524688721
2012_11-3.npz,2012_11,2012,3,4425,1.0321478843688965,0.8138021230697632,0.875,0.26198068261146545,0.209716796875,0.49997350573539734,0.6384013891220093,0.3552930802106872,1.9970703005790493,26.806620864867764,0.3447599411010749,1.9088710486888874,26.244796600341743,0.9527436047646944,0.36019468307495117,0.1817103624343872,0.34897584,1.3748902,0.09687149524688721,0.36019468307495117,0.1817103624343872,0.34897584,1.3748902,0.09687149524688721
2012_11-4.npz,2012_11,2012,4,4425,1.0321478843688965,0.8138021230697632,0.875,0.26198068261146545,0.209716796875,0.49997350573539734,0.6384013891220093,0.3527210801839832,2.021132981777188,27.60593103408768,0.3485838890075686,1.9434956133365497,27.625398693084662,0.9536973722770343,0.37581968307495117,0.17971912026405334,0.3641142,1.434532,0.11249649524688721,0.39144468307495117,0.1817103624343872,0.37925252,1.4941739,0.1281214952468872
3001_10-0.npz,3001_10,3001,0,16371,2.1875,0.8163434267044067,1.15625,1.415457010269165,0.7321282625198364,0.9113484621047974,1.8144810199737549,40.38238906860352,110.15830764770483,304.0427676391599,31.91160888671877,90.37978477478015,333.79315704345566,0.7724211272598369,1.5194852352142334,0.7548007965087891,0.6946218,1.0734944,0.10739398002624512,1.5197672843933105,0.7541900873184204,0.6947508,1.0736938,0.10739398002624512
3001_10-1.npz,3001_10,3001,1,16371,2.1875,0.8163434267044067,1.15625,1.415457010269165,0.7321282625198364,0.9113484621047974,1.8144810199737549,44.89599723815918,107.76936645507783,290.9151678466794,33.49195976257325,94.555929946899,280.7946017456049,0.7462673535318257,1.5194852352142334,0.7624074220657349,0.6946218,1.0734944,0.10739398002624512,1.527329921722412,0.7698553800582886,0.698208,1.0790366,0.11520648002624512
3001_10-2.npz,3001_10,3001,2,16371,2.1875,0.8163434267044067,1.15625,1.415457010269165,0.7321282625198364,0.9113484621047974,1.8144810199737549,49.08979492187517,117.07198638915992,310.83048767089815,32.01392784118654,91.2642482757565,283.6782125854481,0.7382235355466713,1.5176554918289185,0.7431777119636536,0.69378537,1.0722017,0.10739398002624512,1.519517421722412,0.7471820712089539,0.6946365,1.0735172,0.10739398002624512
3001_10-3.npz,3001_10,3001,3,16371,2.1875,0.8163434267044067,1.15625,1.415457010269165,0.7321282625198364,0.9113484621047974,1.8144810199737549,40.7919143676758,129.2163154602046,371.24118682861166,35.84653358459476,121.20433006286613,331.55737701415904,0.833348611238427,1.5157731771469116,0.7623279094696045,0.69292486,1.070872,0.10739398002624512,1.5157731771469116,0.7624562978744507,0.69292486,1.070872,0.10739398002624512
3001_10-4.npz,3001_10,3001,4,16371,2.1875,0.8163434267044067,1.15625,1.415457010269165,0.7321282625198364,0.9113484621047974,1.8144810199737549,39.62310791015628,124.10235824584925,398.6284451293937,31.554320335388212,94.68991928100586,379.7996273803689,0.8124150430448572,1.5275797843933105,0.7470583319664001,0.6983222,1.0792131,0.11520648002624512,1.5273325443267822,0.754774808883667,0.69820917,1.0790385,0.11520648002624512
3001_11-0.npz,3001_11,3001,0,21777,2.063742160797119,0.8155020475387573,1.1875,1.3013299703598022,0.7788934707641602,0.9895999431610107,1.6818268299102783,16.520953941345216,63.43076362609849,251.1471923828123,13.625369262695347,56.386018753051296,238.64088119506746,0.825150574922431,1.4103056192398071,0.8125030994415283,0.683373,1.0837418,0.11629033088684082,1.4123486280441284,0.8125033378601074,0.68436295,1.0853117,0.11629033088684082
3001_11-1.npz,3001_11,3001,1,21777,2.063742160797119,0.8155020475387573,1.1875,1.3013299703598022,0.7788934707641602,0.9895999431610107,1.6818268299102783,17.6765157699585,71.72296447753904,266.79096405029287,15.104633235931415,61.732356071472005,259.9099246215795,0.8456995201181248,1.4103056192398071,0.8085976839065552,0.683373,1.0837418,0.11629033088684082,1.4103056192398071,0.8125033378601074,0.683373,1.0837418,0.11629033088684082
3001_11-2.npz,3001_11,3001,2,21777,2.063742160797119,0.8155020475387573,1.1875,1.3013299703598022,0.7788934707641602,0.9895999431610107,1.6818268299102783,21.8150354385376,82.46115188598607,286.65494232177673,17.001072692871098,64.00082550048825,278.8736602783191,0.8083182640144665,1.412411093711853,0.8085976839065552,0.68439317,1.0853597,0.11629033088684082,1.443661093711853,0.8125033378601074,0.6995356,1.1093736,0.14754033088684082
3001_11-3.npz,3001_11,3001,3,21777,2.063742160797119,0.8155020475387573,1.1875,1.3013299703598022,0.7788934707641602,0.9895999431610107,1.6818268299102783,20.306475067138717,75.13346786499015,296.7311022949213,17.614562416076662,60.67681617736816,273.66766479492094,0.8654976214905326,1.4884175062179565,0.8125,0.72122264,1.1437664,0.19441533088684082,1.4555065631866455,0.8125,0.7052754,1.1184762,0.16316533088684082
3001_11-4.npz,3001_11,3001,4,21777,2.063742160797119,0.8155020475387573,1.1875,1.3013299703598022,0.7788934707641602,0.9895999431610107,1.6818268299102783,17.93258438110353,71.79836921691852,252.70740646362216,13.768613910675075,57.23116302490228,217.468006591795,0.8264840182648402,1.4024800062179565,0.8085976839065552,0.67958105,1.0777282,0.10847783088684082,1.4046571254730225,0.8007851839065552,0.680636,1.0794013,0.10847783088684082
3001_12-0.npz,3001_12,3001,0,4839,1.063576579093933,0.8143969774246216,1.031477451324463,0.27752822637557983,0.26759952306747437,0.5177831649780273,0.6685236096382141,0.36912080943584463,6.733158969879147,191.2560888671866,0.23182501941919365,5.2741991758346245,146.72654083251828,0.9310611180843874,0.6093729138374329,0.2035508155822754,0.5729469,2.1957152,0.363802969455719,0.6406229138374329,0.2129712700843811,0.6023289,2.3083162,0.395052969455719
3001_12-1.npz,3001_12,3001,1,4839,1.063576579093933,0.8143969774246216,1.031477451324463,0.27752822637557983,0.26759952306747437,0.5177831649780273,0.6685236096382141,0.29545111060142615,6.486772179603542,146.09112243652098,0.28751135766506214,5.887013602256763,148.695798187255,0.9673421207948062,0.6093729138374329,0.21156704425811768,0.5729469,2.1957152,0.363802969455719,0.6093729138374329,0.21136313676834106,0.5729469,2.1957152,0.363802969455719
3001_12-2.npz,3001_12,3001,2,4839,1.063576579093933,0.8143969774246216,1.031477451324463,0.27752822637557983,0.26759952306747437,0.5177831649780273,0.6685236096382141,0.2717334866523746,6.090481281280505,149.68201629638614,0.2517283469438558,5.733023786544757,145.94211273193324,0.9833399444664815,0.6093729138374329,0.2129712700843811,0.5729469,2.1957152,0.363802969455719,0.6093729138374329,0.212550550699234,0.5729469,2.1957152,0.363802969455719
3001_12-3.npz,3001_12,3001,3,4839,1.063576579093933,0.8143969774246216,1.031477451324463,0.27752822637557983,0.26759952306747437,0.5177831649780273,0.6685236096382141,0.23866621553897982,5.9660588026046515,142.47624923705933,0.22556402385235103,5.470796251296982,140.15813278198115,0.9741387819563715,0.6093729138374329,0.22036299109458923,0.5729469,2.1957152,0.363802969455719,0.6093729138374329,0.22817549109458923,0.5729469,2.1957152,0.363802969455719
3001_12-4.npz,3001_12,3001,4,4839,1.063576579093933,0.8143969774246216,1.031477451324463,0.27752822637557983,0.26759952306747437,0.5177831649780273,0.6685236096382141,0.2917678296566017,6.687058281898269,168.05455581665015,0.2351648718118687,5.318352627754117,125.94616195678573,0.960015680125441,0.6093729138374329,0.21136313676834106,0.5729469,2.1957152,0.363802969455719,0.6406229138374329,0.22036299109458923,0.6023289,2.3083162,0.395052969455719
3001_13-0.npz,3001_13,3001,0,20875,2.0944983959198,0.8144761919975281,1.21875,1.3339581489562988,0.7734518051147461,1.0420883893966675,1.7201611995697021,15.273799610137969,66.85167465209912,267.9475445556627,13.088589382171659,52.64867172241207,235.64603515624947,0.8494544109487702,1.443812370300293,0.8046879768371582,0.68933564,1.082352,0.11652469635009766,1.4438353776931763,0.8164072632789612,0.6893466,1.0823693,0.11652469635009766
3001_13-1.npz,3001_13,3001,1,20875,2.0944983959198,0.8144761919975281,1.21875,1.3339581489562988,0.7734518051147461,1.0420883893966675,1.7201611995697021,17.470229148864792,59.59391460418647,222.83820617675676,13.732877731323242,45.15043544769264,212.2560890197749,0.8158707100054476,1.4846200942993164,0.8203129768371582,0.7088189,1.1129435,0.15558719635009766,1.4515881538391113,0.8085947036743164,0.6930481,1.0881811,0.12433719635009766
3001_13-2.npz,3001_13,3001,2,20875,2.0944983959198,0.8144761919975281,1.21875,1.3339581489562988,0.7734518051147461,1.0420883893966675,1.7201611995697021,14.9852604866028,56.636550712585326,202.34844787597567,11.3504607200623,49.00739364624023,195.75014129638546,0.8171906232963838,1.5235525369644165,0.8007824420928955,0.72740686,1.1421292,0.20246219635009766,1.464876651763916,0.8046877384185791,0.6993926,1.0981429,0.13996219635009766
3001_13-3.npz,3001_13,3001,3,20875,2.0944983959198,0.8144761919975281,1.21875,1.3339581489562988,0.7734518051147461,1.0420883893966675,1.7201611995697021,16.911504173278825,58.95693378448483,200.37305450439445,14.030098342895535,47.137188529968014,169.63639831542767,0.8157058556513844,1.4865597486495972,0.7968754172325134,0.709745,1.1143976,0.15558719635009766,1.4533700942993164,0.8007822036743164,0.69389886,1.089517,0.12433719635009766
3001_13-4.npz,3001_13,3001,4,20875,2.0944983959198,0.8144761919975281,1.21875,1.3339581489562988,0.7734518051147461,1.0420883893966675,1.7201611995697021,22.546811676025424,74.75385742187447,257.64308776855415,15.81671581268311,51.57078151702865,214.49255218505687,0.8145527127563056,1.4438353776931763,0.8046877384185791,0.6893466,1.0823693,0.11652469635009766,1.4828978776931763,0.8046877384185791,0.70799667,1.1116525,0.15558719635009766
3002_10-0.npz,3002_10,3002,0,8300,1.25,0.8140758275985718,1.15625,0.4702257812023163,0.49354660511016846,0.6362502574920654,0.8686660528182983,2.3998399019241403,18.214735317230204,214.669365234374,2.1998365879058857,15.473560237884202,214.97372619628746,0.9225223493223109,0.7877422571182251,0.48446717858314514,0.6301938,1.6752425,0.31883394718170166,0.7877422571182251,0.4844687879085541,0.6301938,1.6752425,0.31883394718170166
3002_10-1.npz,3002_10,3002,1,8300,1.25,0.8140758275985718,1.15625,0.4702257812023163,0.49354660511016846,0.6362502574920654,0.8686660528182983,2.923740077018741,19.238380050659114,209.0438015747061,2.1860747575759953,15.051982831954838,194.78241302490127,0.8851918182675087,0.7871487736701965,0.47879019379615784,0.629719,1.6739805,0.31883394718170166,0.7877422571182251,0.4805607497692108,0.6301938,1.6752425,0.31883394718170166
3002_10-2.npz,3002_10,3002,2,8300,1.25,0.8140758275985718,1.15625,0.4702257812023163,0.49354660511016846,0.6362502574920654,0.8686660528182983,2.6378416538238603,19.595091724395736,228.46467041015615,2.5453341960906983,17.486709022521886,235.20242294311387,0.9230769230769231,0.7877422571182251,0.47893819212913513,0.6301938,1.6752425,0.31883394718170166,0.7877422571182251,0.47893819212913513,0.6301938,1.6752425,0.31883394718170166
3002_10-3.npz,3002_10,3002,3,8300,1.25,0.8140758275985718,1.15625,0.4702257812023163,0.49354660511016846,0.6362502574920654,0.8686660528182983,2.2395129680633565,16.737149524688693,183.50541198730284,1.806443977355962,15.652967405319195,186.44883117675747,0.8986140117714069,0.7877422571182251,0.4805607497692108,0.6301938,1.6752425,0.31883394718170166,0.7877422571182251,0.4805609881877899,0.6301938,1.6752425,0.31883394718170166
3002_10-4.npz,3002_10,3002,4,8300,1.25,0.8140758275985718,1.15625,0.4702257812023163,0.49354660511016846,0.6362502574920654,0.8686660528182983,2.6356608867645313,19.098234176635465,188.9399946594234,2.081891798973084,14.495361709594679,150.50155609130687,0.8482580168191479,0.8189922571182251,0.4805607497692108,0.6551938,1.7417,0.35008394718170166,0.8189922571182251,0.4805607497692108,0.6551938,1.7417,0.35008394718170166
3002_11-0.npz,3002_11,3002,0,19872,2.0633575916290283,0.816015362739563,1.15625,1.295939564704895,0.7454602122306824,1.0000141859054565,1.6719679832458496,15.736431503295925,46.579801559448235,233.3044087219222,14.46397018432618,43.23099174499509,222.02553558349553,0.8939393939393939,1.0571608543395996,0.4979188144207001,0.5123498,0.8157486,-0.23135757446289062,1.074439525604248,0.49807918071746826,0.5207239,0.82908154,-0.2140789031982422
3002_11-1.npz,3002_11,3002,1,19872,2.0633575916290283,0.816015362739563,1.15625,1.295939564704895,0.7454602122306824,1.0000141859054565,1.6719679832458496,14.400360298156743,47.78179988861073,213.5437579345696,13.152411842346208,44.076705741881966,212.20165634155245,0.8767007600638078,1.0705335140228271,0.4840400815010071,0.51883084,0.82606745,-0.2179853916168213,1.1642835140228271,0.38384902477264404,0.5642665,0.89840883,-0.12423539161682129
3002_11-2.npz,3002_11,3002,2,19872,2.0633575916290283,0.816015362739563,1.15625,1.295939564704895,0.7454602122306824,1.0000141859054565,1.6719679832458496,16.686527442932135,51.96485366821235,254.18446472167943,14.557494258880627,48.451034927368,251.2308526611322,0.8532246108228317,1.0335233211517334,0.40555471181869507,0.50089395,0.7975089,-0.2570614814758301,1.0335907936096191,0.4043444097042084,0.5009267,0.79756093,-0.2570614814758301
3002_11-3.npz,3002_11,3002,3,19872,2.0633575916290283,0.816015362739563,1.15625,1.295939564704895,0.7454602122306824,1.0000141859054565,1.6719679832458496,17.967878532409696,58.90065689086907,256.8964318847656,16.17706947326665,52.196408653258715,242.61135650634688,0.8357044515832951,1.0218164920806885,0.4129807651042938,0.49522027,0.7884754,-0.268768310546875,1.0592272281646729,0.4979188144207001,0.51335126,0.81734306,-0.23135757446289062
3002_11-4.npz,3002_11,3002,4,19872,2.0633575916290283,0.816015362739563,1.15625,1.295939564704895,0.7454602122306824,1.0000141859054565,1.6719679832458496,15.475116825103786,51.254755973815826,226.5813189697264,13.702151489257815,44.297194480895946,209.17676361083974,0.8901805122389188,1.0470958948135376,0.4043444097042084,0.50747186,0.807982,-0.24142301082611084,1.0491559505462646,0.4043444097042084,0.50847024,0.8095717,-0.24142301082611084
3002_12-0.npz,3002_12,3002,0,22324,2.0,0.815748929977417,1.1875,1.2611185312271118,0.7896677851676941,0.9311070442199707,1.6280937194824219,31.510290145874105,75.39735107421868,248.85497924804667,22.387490653991705,60.144000053405755,214.99743499755854,0.6950589032968896,1.3535327911376953,0.8056603670120239,0.6767664,1.0732796,0.11409378051757812,1.3613338470458984,0.8080460429191589,0.6806669,1.0794654,0.12190628051757812
3002_12-1.npz,3002_12,3002,1,22324,2.0,0.815748929977417,1.1875,1.2611185312271118,0.7896677851676941,0.9311070442199707,1.6280937194824219,28.717488288879395,62.636212158203094,194.68927093505852,19.524502563476585,42.99539260864257,161.18561737060534,0.7388280299078421,1.3653671741485596,0.8095642924308777,0.6826836,1.0826637,0.11409378051757812,1.367244005203247,0.8076567649841309,0.683622,1.0841519,0.12190628051757812
3002_12-2.npz,3002_12,3002,2,22324,2.0,0.815748929977417,1.1875,1.2611185312271118,0.7896677851676941,0.9311070442199707,1.6280937194824219,21.1555633544922,63.33899116516092,228.02745971679678,16.262952232360842,52.74233093261716,188.93571121215808,0.8060321473722232,1.359431505203247,0.8095781803131104,0.67971575,1.0779569,0.11409378051757812,1.359431505203247,0.8138785362243652,0.67971575,1.0779569,0.11409378051757812
3002_12-3.npz,3002_12,3002,3,22324,2.0,0.815748929977417,1.1875,1.2611185312271118,0.7896677851676941,0.9311070442199707,1.6280937194824219,24.157877922058148,72.78571510314929,278.21364715576016,17.846723937988287,49.97971515655502,204.9800306701643,0.7468774565464232,1.3768610954284668,0.8099856376647949,0.68843055,1.0917777,0.12190628051757812,1.3924860954284668,0.8138785362243652,0.69624305,1.1041675,0.13753128051757812
3002_12-4.npz,3002_12,3002,4,22324,2.0,0.815748929977417,1.1875,1.2611185312271118,0.7896677851676941,0.9311070442199707,1.6280937194824219,32.97172737121582,74.57731208801219,240.6288307189935,22.58794727325443,52.90306129455544,175.20944030761675,0.7059024223814397,1.3712419271469116,0.8095642328262329,0.68562096,1.087322,0.11409378051757812,1.3732808828353882,0.8097848892211914,0.68664044,1.0889388,0.11409378051757812
3002_13-0.npz,3002_13,3002,0,15696,1.6882919073104858,0.8157769441604614,0.90625,0.9181197285652161,0.4810917377471924,0.8214476108551025,1.3073468208312988,26.237821769714355,57.50371208190911,175.08192291259726,17.03489780426026,38.90284175872786,122.32719154357792,0.589825119236884,0.8155067563056946,0.33398449420928955,0.48303658,0.88823575,-0.09886705875396729,0.8152559399604797,0.3535156846046448,0.482888,0.8879626,-0.0950397253036499
3002_13-1.npz,3002_13,3002,1,15696,1.6882919073104858,0.8157769441604614,0.90625,0.9181197285652161,0.4810917377471924,0.8214476108551025,1.3073468208312988,25.95776958465581,55.756432914733885,207.78955764770475,17.839365577697766,49.35647983551014,204.37539657592708,0.6687526074259491,0.8152559399604797,0.33789029717445374,0.482888,0.8879626,-0.0950397253036499,0.819334089756012,0.3378906548023224,0.48530358,0.8924044,-0.0950397253036499
3002_13-2.npz,3002_13,3002,2,15696,1.6882919073104858,0.8157769441604614,0.90625,0.9181197285652161,0.4810917377471924,0.8214476108551025,1.3073468208312988,29.18293895721437,72.33401603698728,263.99678710937496,19.47616996765141,55.398798370360666,227.89780944824213,0.6840687100033681,0.8058555722236633,0.3339841961860657,0.47732005,0.8777238,-0.1082921028137207,0.8283339142799377,0.3379617929458618,0.4906343,0.90220684,-0.08000040054321289
3002_13-3.npz,3002_13,3002,3,15696,1.6882919073104858,0.8157769441604614,0.90625,0.9181197285652161,0.4810917377471924,0.8214476108551025,1.3073468208312988,30.559533500671417,66.50573768615682,200.35990951537937,21.302267265319887,51.69064331054686,187.29801071166983,0.6740604335816524,0.7880111932754517,0.34960949420928955,0.46675056,0.85828805,-0.1082921028137207,0.7822383046150208,0.35937467217445374,0.4633312,0.8520003,-0.1082921028137207
3002_13-4.npz,3002_13,3002,4,15696,1.6882919073104858,0.8157769441604614,0.90625,0.9181197285652161,0.4810917377471924,0.8214476108551025,1.3073468208312988,26.217244529724166,60.58079586029043,214.596849822998,21.155907630920453,47.44839115142821,168.3416973876944,0.7328019407381736,0.7921550273895264,0.34960952401161194,0.46920502,0.86280143,-0.1082921028137207,0.7881200313568115,0.3515626788139343,0.46681502,0.8584066,-0.1082921028137207
3002_17-0.npz,3002_17,3002,0,15721,1.7198412418365479,0.8153077363967896,0.90625,0.9913790225982666,0.4593360126018524,0.8065910339355469,1.3564157485961914,24.398059463501053,75.76712112426712,255.06375061035132,18.29670524597171,58.9993469238279,267.44422882079965,0.7930787161556392,0.8992397785186768,0.3515961766242981,0.5228621,0.9070595,-0.08512794971466064,0.9259599447250366,0.36138275265693665,0.5383985,0.93401206,-0.05845916271209717
3002_17-1.npz,3002_17,3002,1,15721,1.7198412418365479,0.8153077363967896,0.90625,0.9913790225982666,0.4593360126018524,0.8065910339355469,1.3564157485961914,25.8132797241211,80.47334632873448,273.6901684570307,23.490166664123578,74.32440910339288,277.04279418945293,0.8730099269526128,0.8818857669830322,0.344597727060318,0.5127716,0.8895546,-0.10253334045410156,0.8896167874336243,0.35158470273017883,0.5172668,0.8973529,-0.0966951847076416
3002_17-2.npz,3002_17,3002,2,15721,1.7198412418365479,0.8153077363967896,0.90625,0.9913790225982666,0.4593360126018524,0.8065910339355469,1.3564157485961914,27.00101814270025,98.85023384094174,297.19675201415964,24.2167045593262,82.48397865295398,294.54126953124995,0.8397571520559286,0.8896479606628418,0.3515961468219757,0.5172849,0.8973843,-0.0966951847076416,0.9184809327125549,0.3613320589065552,0.5340498,0.926468,-0.06986546516418457
3002_17-3.npz,3002_17,3002,3,15721,1.7198412418365479,0.8153077363967896,0.90625,0.9913790225982666,0.4593360126018524,0.8065910339355469,1.3564157485961914,26.328849983215353,92.25270233154262,279.6455392456048,23.51607227325443,73.725691604614,257.69079895019354,0.8268176835951772,0.8819435238838196,0.3594086766242981,0.5128052,0.88961285,-0.10640287399291992,0.8840463757514954,0.3613320589065552,0.5140279,0.891734,-0.10242307186126709
3002_17-4.npz,3002_17,3002,4,15721,1.7198412418365479,0.8153077363967896,0.90625,0.9913790225982666,0.4593360126018524,0.8065910339355469,1.3564157485961914,24.03688945770266,82.20808868408201,246.90091522216747,17.11748580932618,57.24493579864477,184.5622152709947,0.7967837570748361,0.8799010515213013,0.3443899154663086,0.5116176,0.8875526,-0.10253334045410156,0.9009338617324829,0.34657180309295654,0.5238471,0.90876836,-0.08150053024291992
3003_10-0.npz,3003_10,3003,0,15861,1.8144536018371582,0.8150832653045654,0.90625,1.047154426574707,0.46391960978507996,0.85521399974823,1.4384897947311401,36.15835914611822,101.25433158874425,298.6004550170898,25.853079223632875,82.29728851318357,269.3967861938473,0.7037226339551921,0.9095754623413086,0.34570279717445374,0.50129443,0.86861634,-0.13548505306243896,0.9330427646636963,0.35351550579071045,0.5142279,0.8910269,-0.11201775074005127
3003_10-1.npz,3003_10,3003,1,15861,1.8144536018371582,0.8150832653045654,0.90625,1.047154426574707,0.46391960978507996,0.85521399974823,1.4384897947311401,31.019887542724614,72.70769996643058,238.4612240600578,23.99067077636724,53.29419078826903,171.66632980346654,0.718065458293961,0.9309089779853821,0.3457028567790985,0.513052,0.8889892,-0.11201775074005127,0.9422863721847534,0.34960928559303284,0.5193224,0.89985424,-0.09654581546783447
3003_10-2.npz,3003_10,3003,2,15861,1.8144536018371582,0.8150832653045654,0.90625,1.047154426574707,0.46391960978507996,0.85521399974823,1.4384897947311401,28.18381042480473,81.61025505065888,269.20654754638645,22.35569324493418,60.01753425598141,203.0473956298824,0.76522506619594,0.91729736328125,0.34570279717445374,0.5055502,0.8759905,-0.12365233898162842,0.9270147085189819,0.3458872437477112,0.5109057,0.8852703,-0.11393499374389648
3003_10-3.npz,3003_10,3003,3,15861,1.8144536018371582,0.8150832653045654,0.90625,1.047154426574707,0.46391960978507996,0.85521399974823,1.4384897947311401,29.069213294982944,81.59135894775387,288.584794616699,21.22247028350835,73.06786041259718,250.10286087036081,0.779042874933286,0.9131782650947571,0.3457028269767761,0.50328004,0.8720569,-0.12370097637176514,0.940546989440918,0.3458874821662903,0.5183638,0.8981932,-0.09654581546783447
3003_10-4.npz,3003_10,3003,4,15861,1.8144536018371582,0.8150832653045654,0.90625,1.047154426574707,0.46391960978507996,0.85521399974823,1.4384897947311401,30.458365058898927,97.75389785766588,326.60616271972583,22.922975158691422,65.5353111267086,330.3808551025365,0.7917935853789644,0.9289319515228271,0.34570279717445374,0.51196235,0.8871012,-0.11201775074005127,0.9289319515228271,0.3574218451976776,0.51196235,0.8871012,-0.11201775074005127
3003_11-0.npz,3003_11,3003,0,14851,1.6571943759918213,0.8158017992973328,0.90625,0.8948774337768555,0.47143808007240295,0.7895761132240295,1.2668405771255493,23.123857116699256,54.21056175231922,190.353764495849,17.5406328201294,46.687982177734355,200.6327957153314,0.7664723547076489,0.799505889415741,0.3496091961860657,0.48244545,0.89342505,-0.08000171184539795,0.8232247233390808,0.37799879908561707,0.4967581,0.91993016,-0.056282877922058105
3003_11-1.npz,3003_11,3003,1,14851,1.6571943759918213,0.8158017992973328,0.90625,0.8948774337768555,0.47143808007240295,0.7895761132240295,1.2668405771255493,23.900512886047363,61.693827438354305,200.63935165405263,19.18797149658205,52.13798618316644,173.7140713500975,0.7574692442882249,0.7941690683364868,0.35351499915122986,0.47922507,0.8874613,-0.08927583694458008,0.8232247233390808,0.37628796696662903,0.4967581,0.91993016,-0.056282877922058105
3003_11-2.npz,3003_11,3003,2,14851,1.6571943759918213,0.8158017992973328,0.90625,0.8948774337768555,0.47143808007240295,0.7895761132240295,1.2668405771255493,26.15656604766846,64.0399623870848,208.24850891113124,21.993659591674806,52.16327018737785,180.0737767028808,0.7565431231336729,0.807185173034668,0.365234375,0.48707935,0.9020064,-0.07625973224639893,0.8635684847831726,0.3730471432209015,0.5211027,0.96501315,-0.015896081924438477
3003_11-3.npz,3003_11,3003,3,14851,1.6571943759918213,0.8158017992973328,0.90625,0.8948774337768555,0.47143808007240295,0.7895761132240295,1.2668405771255493,28.94728260040284,60.79361171722396,211.46862823486322,23.07087402343751,50.02542629241939,204.59202468871985,0.7377704405248067,0.7861284613609314,0.36328351497650146,0.4743731,0.87847614,-0.09337913990020752,0.807185173034668,0.3574220538139343,0.48707935,0.9020064,-0.07625973224639893
3003_11-4.npz,3003_11,3003,4,14851,1.6571943759918213,0.8158017992973328,0.90625,0.8948774337768555,0.47143808007240295,0.7895761132240295,1.2668405771255493,31.544955635070803,68.90486030578613,218.22272445678686,23.93597583770753,56.36881961822485,187.5194400024414,0.7260723224303098,0.7938811182975769,0.3710959851741791,0.4790513,0.8871395,-0.0971822738647461,0.8090080618858337,0.3574221432209015,0.48817936,0.90404344,-0.08000171184539795
3003_12-0.npz,3003_12,3003,0,11130,1.4071462154388428,0.8759123086929321,1.1875,0.6575762033462524,0.4988877773284912,0.6811792850494385,1.0343879461288452,0.010081811808049679,0.07764500640332687,4.836649045944175,0.007870458625257022,0.060426990874111304,2.984864149093604,0.8299935950224174,0.7421869039535522,0.3571705222129822,0.5274412,1.1286706,0.07588326930999756,0.7870841026306152,0.3631293475627899,0.55934775,1.1969473,0.12275826930999756
3003_12-1.npz,3003_12,3003,1,11130,1.4071462154388428,0.8759123086929321,1.1875,0.6575762033462524,0.4988877773284912,0.6811792850494385,1.0343879461288452,0.007955538388341673,0.06445156037807448,3.5305228376388524,0.007241334579885048,0.05826561786234189,3.2182653665542595,0.899335232668566,0.7402091026306152,0.3448188900947571,0.52603567,1.1256628,0.07588326930999756,0.6126829981803894,0.34916454553604126,0.4354082,0.93172926,-0.04911679029464722
3003_12-2.npz,3003_12,3003,2,11130,1.4071462154388428,0.8759123086929321,1.1875,0.6575762033462524,0.4988877773284912,0.6811792850494385,1.0343879461288452,0.010332547966390857,0.0788860131055112,5.110406446456881,0.00946370288729668,0.06297382935881514,2.651639430522904,0.8551154809386884,0.7421869039535522,0.35269004106521606,0.5274412,1.1286706,0.07588326930999756,0.7402091026306152,0.3493604063987732,0.52603567,1.1256628,0.07588326930999756
3003_12-3.npz,3003_12,3003,3,11130,1.4071462154388428,0.8759123086929321,1.1875,0.6575762033462524,0.4988877773284912,0.6811792850494385,1.0343879461288452,0.010887315031141062,0.07948731817305017,4.848331384658614,0.009293205011636019,0.0699240531772375,4.317559170722783,0.8728345350688267,0.7421869039535522,0.3571705222129822,0.5274412,1.1286706,0.07588326930999756,0.6986205577850342,0.37612754106521606,0.49648044,1.0624176,0.03682076930999756
3003_12-4.npz,3003_12,3003,4,11130,1.4071462154388428,0.8759123086929321,1.1875,0.6575762033462524,0.4988877773284912,0.6811792850494385,1.0343879461288452,0.010960359405726205,0.07834622152149434,4.7112130117415845,0.010482698120176796,0.06570777036249627,2.615069408416727,0.8796992481203008,0.7402091026306152,0.3571705222129822,0.52603567,1.1256628,0.07588326930999756,0.7714591026306152,0.34878480434417725,0.54824376,1.1731858,0.10713326930999756
3003_14-0.npz,3003_14,3003,0,20331,2.219729423522949,0.8149435520172119,1.1875,1.436769723892212,0.7892600297927856,1.0704418420791626,1.8256933689117432,20.604472732543968,52.530953788757245,192.4575387573227,13.360686969757094,37.81531600952145,191.07907928466724,0.7168855695767877,1.4358152151107788,0.7668840885162354,0.6468424,0.99933565,0.0034112930297851562,1.4358152151107788,0.770822286605835,0.6468424,0.99933565,0.0034112930297851562
3003_14-1.npz,3003_14,3003,1,20331,2.219729423522949,0.8149435520172119,1.1875,1.436769723892212,0.7892600297927856,1.0704418420791626,1.8256933689117432,27.837211990356447,61.46137161254859,203.6131385803222,16.042579841613783,43.14409828186029,171.18648239135723,0.6253555465258025,1.4357869625091553,0.7667752504348755,0.6468297,0.999316,0.0034112930297851562,1.429724931716919,0.7746518850326538,0.64409876,0.9950968,0.007317185401916504
3003_14-2.npz,3003_14,3003,2,20331,2.219729423522949,0.8149435520172119,1.1875,1.436769723892212,0.7892600297927856,1.0704418420791626,1.8256933689117432,24.33264904022217,61.60125236511224,220.70179214477463,18.114356231689467,49.836172294616425,204.86483078002894,0.738374619730552,1.4358152151107788,0.7668505907058716,0.6468424,0.99933565,0.0034112930297851562,1.4257898330688477,0.7705001831054688,0.64232594,0.9923579,0.0034112930297851562
3003_14-3.npz,3003_14,3003,3,20331,2.219729423522949,0.8149435520172119,1.1875,1.436769723892212,0.7892600297927856,1.0704418420791626,1.8256933689117432,25.429735755920426,51.13512191772455,188.87735595703126,15.410675716400165,39.39045581817621,167.03159393310497,0.6799664006719865,1.43559992313385,0.7666953802108765,0.64674544,0.9991858,0.0034110546112060547,1.421900749206543,0.7667473554611206,0.6405739,0.9896511,0.0034112930297851562
3003_14-4.npz,3003_14,3003,4,20331,2.219729423522949,0.8149435520172119,1.1875,1.436769723892212,0.7892600297927856,1.0704418420791626,1.8256933689117432,17.297077941894553,50.74493255615165,178.9370239257812,11.966162872314454,41.200863647460906,163.42858261108387,0.759479194158529,1.4416680335998535,0.7783267498016357,0.64947915,1.0034093,0.007317185401916504,1.4826898574829102,0.7746669054031372,0.66795975,1.0319607,0.050285935401916504
3003_15-0.npz,3003_15,3003,0,22818,2.18831729888916,0.8153635859489441,1.15625,1.4381399154663086,0.792591392993927,1.023144245147705,1.8094439506530762,30.218015098571808,95.40967292785642,334.7552407836905,24.236718750000026,73.22821121215814,259.39732421874976,0.8135654697134567,1.5451083183288574,0.7943888902664185,0.70607144,1.0743797,0.11324846744537354,1.54708993434906,0.7943894863128662,0.70697695,1.0757576,0.11324846744537354
3003_15-1.npz,3003_15,3003,1,22818,2.18831729888916,0.8153635859489441,1.15625,1.4381399154663086,0.792591392993927,1.023144245147705,1.8094439506530762,29.224204635620136,96.17953262329068,316.89159057617155,19.752513504028357,62.9142116546629,238.7138975524902,0.7675651789659743,1.5491223335266113,0.7904822826385498,0.7079057,1.0771708,0.11324846744537354,1.5468876361846924,0.800047755241394,0.7068845,1.075617,0.11324846744537354
3003_15-2.npz,3003_15,3003,2,22818,2.18831729888916,0.8153635859489441,1.15625,1.4381399154663086,0.792591392993927,1.023144245147705,1.8094439506530762,32.05427742004396,110.01717300415005,338.2481790161107,25.971318626403857,80.59168319702106,253.9524732971186,0.8129079042784626,1.5468876361846924,0.7904837131500244,0.7068845,1.075617,0.11324846744537354,1.5410712957382202,0.7943886518478394,0.7042266,1.0715725,0.11324846744537354
3003_15-3.npz,3003_15,3003,3,22818,2.18831729888916,0.8153635859489441,1.15625,1.4381399154663086,0.792591392993927,1.023144245147705,1.8094439506530762,30.871666145324724,108.98462448120024,285.26247222900287,22.74824562072754,73.06266098022445,275.4316714477532,0.7853954650955186,1.5491223335266113,0.7943888902664185,0.7079057,1.0771708,0.11324846744537354,1.5491223335266113,0.7962779998779297,0.7079057,1.0771708,0.11324846744537354
3003_15-4.npz,3003_15,3003,4,22818,2.18831729888916,0.8153635859489441,1.15625,1.4381399154663086,0.792591392993927,1.023144245147705,1.8094439506530762,27.34757423400879,72.50519599914536,232.4892243957517,22.149612998962425,67.51854972839348,238.85228027343712,0.7879492222420883,1.5491223335266113,0.7943875193595886,0.7079057,1.0771708,0.11324846744537354,1.5491223335266113,0.7962779998779297,0.7079057,1.0771708,0.11324846744537354
3003_19-0.npz,3003_19,3003,0,13096,1.8754444122314453,0.8169894218444824,1.125,1.082603096961975,0.6970229148864746,0.8152076005935669,1.479461431503296,25.29325294494629,62.872086715698046,238.13860580444214,22.738795852661145,53.527683258056435,209.1710749816883,0.7988846914912754,1.0431005954742432,0.6931241750717163,0.55618846,0.9635116,-0.012201070785522461,1.0431005954742432,0.6907497644424438,0.55618846,0.9635116,-0.012201070785522461
3003_19-1.npz,3003_19,3003,1,13096,1.8754444122314453,0.8169894218444824,1.125,1.082603096961975,0.6970229148864746,0.8152076005935669,1.479461431503296,27.034861183166534,61.30563735961909,233.0428427124019,21.054792785644533,52.91277389526356,221.43765411376864,0.7219113215669393,1.0489833354949951,0.6934186220169067,0.5593252,0.96894544,-0.010206937789916992,1.0454554557800293,0.6888481378555298,0.5574441,0.96568674,-0.013734817504882812
3003_19-2.npz,3003_19,3003,2,13096,1.8754444122314453,0.8169894218444824,1.125,1.082603096961975,0.6970229148864746,0.8152076005935669,1.479461431503296,25.92516613006593,61.93639621734605,241.3007905578604,20.6948055267334,50.228040313720186,222.69036117553668,0.7219113215669393,1.0665199756622314,0.6942383050918579,0.5686759,0.985144,-0.012201070785522461,1.0762662887573242,0.7031446695327759,0.5738727,0.9941467,-0.0024547576904296875
3003_19-3.npz,3003_19,3003,3,13096,1.8754444122314453,0.8169894218444824,1.125,1.082603096961975,0.6970229148864746,0.8152076005935669,1.479461431503296,23.86867141723633,59.032036018371535,248.2978738403318,21.356406021118215,56.97840156555156,251.22904922485333,0.7881090746535538,1.0609710216522217,0.6875097751617432,0.5657171,0.98001844,-0.012201070785522461,1.0609710216522217,0.6931241750717163,0.5657171,0.98001844,-0.012201070785522461
3003_19-4.npz,3003_19,3003,4,13096,1.8754444122314453,0.8169894218444824,1.125,1.082603096961975,0.6970229148864746,0.8152076005935669,1.479461431503296,23.779101562500003,57.752358245849436,243.34447769164845,19.383184051513677,50.55546932220451,215.6274819946272,0.8035891423933628,1.0568032264709473,0.6875098347663879,0.5634948,0.9761687,-0.012201070785522461,1.033381700515747,0.6724588871002197,0.5510063,0.95453423,-0.021964550018310547
3004_10-0.npz,3004_10,3004,0,19750,1.9697034358978271,0.8145692944526672,1.125,1.2183079719543457,0.724441647529602,0.9371331334114075,1.5899395942687988,35.921986007690435,89.52673721313475,263.2382562255858,25.432840919494645,70.60730590820276,255.49436935424805,0.6839269175717774,0.8928253650665283,0.3780345022678375,0.45327908,0.7328405,-0.3213660717010498,0.9630958437919617,0.3780345022678375,0.48895475,0.7905192,-0.253068208694458
3004_10-1.npz,3004_10,3004,1,19750,1.9697034358978271,0.8145692944526672,1.125,1.2183079719543457,0.724441647529602,0.9371331334114075,1.5899395942687988,28.99406967163088,79.83475646972626,246.34328689575148,23.18557262420655,62.72962493896432,213.76314117431627,0.7110103516126273,0.9162662029266357,0.38391411304473877,0.46517977,0.7520809,-0.2979252338409424,0.9479086399078369,0.3840290307998657,0.48124436,0.7780534,-0.2662827968597412
3004_10-2.npz,3004_10,3004,2,19750,1.9697034358978271,0.8145692944526672,1.125,1.2183079719543457,0.724441647529602,0.9371331334114075,1.5899395942687988,29.101828956604034,74.66768875122007,220.45145065307506,16.86102504730226,58.50753250121956,192.1545632934558,0.7060479399471126,0.9167930483818054,0.3880041539669037,0.46544725,0.75251335,-0.29937100410461426,0.9787331223487854,0.3898215591907501,0.49689364,0.80335444,-0.23743093013763428
3004_10-3.npz,3004_10,3004,3,19750,1.9697034358978271,0.8145692944526672,1.125,1.2183079719543457,0.724441647529602,0.9371331334114075,1.5899395942687988,25.73131637573244,70.58795928955075,270.94787200927664,18.713802528381358,52.72100143432601,270.32514495849586,0.7216148747525178,0.9554311633110046,0.38194453716278076,0.48506346,0.78422797,-0.26073288917541504,0.9610545635223389,0.38194453716278076,0.4879184,0.7888437,-0.253068208694458
3004_10-4.npz,3004_10,3004,4,19750,1.9697034358978271,0.8145692944526672,1.125,1.2183079719543457,0.724441647529602,0.9371331334114075,1.5899395942687988,34.1855709075929,88.47724266052224,300.05347778320265,22.990944099426287,61.91108646392788,256.15154113769523,0.6920473773265652,0.9107063412666321,0.3820395767688751,0.46235707,0.74751735,-0.29937100410461426,0.9498168230056763,0.38398438692092896,0.4822131,0.77961963,-0.26435303688049316
3004_11-0.npz,3004_11,3004,0,19971,2.0944695472717285,0.8155927658081055,1.21875,1.3246080875396729,0.7906818389892578,1.0527504682540894,1.7233035564422607,33.4149024963379,114.25829010009751,355.20225006103504,27.5144220352173,101.03234786987292,342.957630920408,0.8467220683287165,1.621316909790039,0.8047231435775757,0.7740943,1.2239975,0.3086659908294678,1.625110149383545,0.8086229562759399,0.7759054,1.2268611,0.3086659908294678
3004_11-1.npz,3004_11,3004,1,19971,2.0944695472717285,0.8155927658081055,1.21875,1.3246080875396729,0.7906818389892578,1.0527504682540894,1.7233035564422607,39.308949661254886,108.84661674499505,333.8894427490232,29.620933151245193,78.61299858093233,256.31935516357373,0.7695983011856309,1.5196588039398193,0.8086240887641907,0.72555786,1.1472516,0.19929099082946777,1.5665338039398193,0.8086229562759399,0.7479382,1.1826395,0.24616599082946777
3004_11-2.npz,3004_11,3004,2,19971,2.0944695472717285,0.8155927658081055,1.21875,1.3246080875396729,0.7906818389892578,1.0527504682540894,1.7233035564422607,36.475580215454144,121.81859474182089,353.56755737304667,27.361501121521055,83.45358238220156,297.87067382812444,0.8394187436769981,1.4883873462677002,0.8125015497207642,0.7106274,1.1236435,0.16804099082946777,1.564544916152954,0.8125029802322388,0.7469886,1.1811379,0.24616599082946777
3004_11-3.npz,3004_11,3004,3,19971,2.0944695472717285,0.8155927658081055,1.21875,1.3246080875396729,0.7906818389892578,1.0527504682540894,1.7233035564422607,40.518727874755875,113.21599426269447,299.0828448486311,27.440035057067988,85.57796859741174,279.6609408569318,0.8032639076728879,1.4589874744415283,0.8203127384185791,0.6965904,1.1014484,0.13679099082946777,1.5683624744415283,0.8242189884185791,0.7488113,1.18402,0.24616599082946777
3004_11-4.npz,3004_11,3004,4,19971,2.0944695472717285,0.8155927658081055,1.21875,1.3246080875396729,0.7906818389892578,1.0527504682540894,1.7233035564422607,39.50939140319825,118.87654647827145,324.77374206542936,27.575402069091826,75.66675186157225,227.81254989623926,0.7412502176562772,1.4884088039398193,0.8164354562759399,0.71063757,1.1236597,0.16804099082946777,1.5156564712524414,0.8086240291595459,0.72364694,1.1442301,0.19929099082946777
3004_12-0.npz,3004_12,3004,0,19673,1.8758574724197388,0.8152439594268799,1.15625,1.1293903589248657,0.7068268656730652,0.932654082775116,1.5190982818603516,20.781053161621106,86.14472503662064,265.98121154785053,16.315273094177254,70.65683822631787,274.0093414306626,0.8101185627658611,1.294985055923462,0.7252970933914185,0.69034296,1.1466231,0.1692591905593872,1.294985055923462,0.7251659631729126,0.69034296,1.1466231,0.1692591905593872
3004_12-1.npz,3004_12,3004,1,19673,1.8758574724197388,0.8152439594268799,1.15625,1.1293903589248657,0.7068268656730652,0.932654082775116,1.5190982818603516,20.699653434753426,58.59608345031731,210.0993443298324,13.723928070068373,49.80075874328558,200.16770858764616,0.7964609718853858,1.2931852340698242,0.7253835797309875,0.6893835,1.1450294,0.1692591905593872,1.2931852340698242,0.7276450395584106,0.6893835,1.1450294,0.1692591905593872
3004_12-2.npz,3004_12,3004,2,19673,1.8758574724197388,0.8152439594268799,1.15625,1.1293903589248657,0.7068268656730652,0.932654082775116,1.5190982818603516,24.610908317565947,76.265407180786,274.5482739257809,19.96659927368165,58.929884719848204,236.44891326904175,0.7925965761405396,1.294985055923462,0.7215163707733154,0.69034296,1.1466231,0.1692591905593872,1.2911869287490845,0.7232862710952759,0.68831825,1.1432601,0.1692591905593872
3004_12-3.npz,3004_12,3004,3,19673,1.8758574724197388,0.8152439594268799,1.15625,1.1293903589248657,0.7068268656730652,0.932654082775116,1.5190982818603516,22.83378162384034,94.41359138488765,261.57783966064426,19.386907577514666,73.20491371154762,234.24597137451096,0.857527630723507,1.294985055923462,0.7255842685699463,0.69034296,1.1466231,0.1692591905593872,1.2931852340698242,0.7256531119346619,0.6893835,1.1450294,0.1692591905593872
3004_12-4.npz,3004_12,3004,4,19673,1.8758574724197388,0.8152439594268799,1.15625,1.1293903589248657,0.7068268656730652,0.932654082775116,1.5190982818603516,24.21146087646485,78.77862701416007,279.9622833251953,16.54769821166994,57.4197015762325,288.7819375610351,0.7316017316017316,1.294985055923462,0.723349928855896,0.69034296,1.1466231,0.1692591905593872,1.341860055923462,0.7273987531661987,0.71533155,1.1881278,0.2161341905593872
3004_13-0.npz,3004_13,3004,0,16643,1.876394271850586,0.8154314756393433,1.125,1.1370649337768555,0.6912009716033936,0.9020829796791077,1.4994133710861206,18.242749595642096,41.865464401245106,185.9734374999984,10.918949508667033,29.407742118835362,177.51209564208975,0.687336539272758,0.8546421527862549,0.3554687798023224,0.45547044,0.75162125,-0.27862226963043213,0.8717849254608154,0.3756859302520752,0.46460646,0.7666976,-0.25514519214630127
3004_13-1.npz,3004_13,3004,1,16643,1.876394271850586,0.8154314756393433,1.125,1.1370649337768555,0.6912009716033936,0.9020829796791077,1.4994133710861206,14.482371520996104,36.39101600646944,182.00863845825182,11.594637680053712,30.190092086791946,183.14713119506763,0.7972681524083394,0.8605331182479858,0.35501500964164734,0.45860997,0.7568021,-0.2684096097946167,0.8742443919181824,0.3609962463378906,0.4659172,0.7688606,-0.25514519214630127
3004_13-2.npz,3004_13,3004,2,16643,1.876394271850586,0.8154314756393433,1.125,1.1370649337768555,0.6912009716033936,0.9020829796791077,1.4994133710861206,18.42122974395754,48.490748214721656,186.49158538818332,14.23557472229005,36.74979381561277,169.79376724243153,0.7533093714385903,0.8482542037963867,0.36132803559303284,0.4520661,0.7460033,-0.28670716285705566,0.8648548126220703,0.3775172233581543,0.46091315,0.76060283,-0.2684096097946167
3004_13-3.npz,3004_13,3004,3,16643,1.876394271850586,0.8154314756393433,1.125,1.1370649337768555,0.6912009716033936,0.9020829796791077,1.4994133710861206,18.057927703857423,46.00058174133271,216.98075424194317,13.535607528686537,39.60765933990455,184.8407684326166,0.7959770114942529,0.8563390970230103,0.3710937798023224,0.45637482,0.7531136,-0.27862226963043213,0.8713089227676392,0.3618922233581543,0.4643528,0.7662789,-0.2636524438858032
3004_13-4.npz,3004_13,3004,4,16643,1.876394271850586,0.8154314756393433,1.125,1.1370649337768555,0.6912009716033936,0.9020829796791077,1.4994133710861206,15.453351593017594,47.39941654205309,190.3133163452137,10.350873279571534,31.043772411346414,173.50128860473592,0.7101325352714836,0.8605819344520569,0.37846699357032776,0.458636,0.756845,-0.2684096097946167,0.9004793763160706,0.40274378657341003,0.4798988,0.7919331,-0.22851216793060303
3005_10-0.npz,3005_10,3005,0,18876,2.000397205352783,0.8159033060073853,1.1875,1.2159109115600586,0.7966492176055908,1.008285641670227,1.6052415370941162,25.42870960235597,55.379842758178576,207.47010665893404,17.19826126098633,41.26141433715798,188.41829071044867,0.7250301880282904,1.367347002029419,0.8151190876960754,0.6835377,1.1245453,0.17640554904937744,1.428168773651123,0.8154257535934448,0.7139426,1.174567,0.22328054904937744
3005_10-1.npz,3005_10,3005,1,18876,2.000397205352783,0.8159033060073853,1.1875,1.2159109115600586,0.7966492176055908,1.008285641670227,1.6052415370941162,24.817458915710457,64.04167823791501,246.50405792235995,19.35840206146244,56.587105560302355,228.5598905944821,0.7669405424507465,1.372983694076538,0.8097249865531921,0.68635553,1.1291811,0.16078054904937744,1.3870344161987305,0.8097249865531921,0.6933795,1.1407368,0.17640554904937744
3005_10-2.npz,3005_10,3005,2,18876,2.000397205352783,0.8159033060073853,1.1875,1.2159109115600586,0.7966492176055908,1.008285641670227,1.6052415370941162,24.663098716735863,61.5499662399288,239.72070785522453,18.78640174865723,54.10484333038327,209.85743652343723,0.7874698364465099,1.435521125793457,0.8097249865531921,0.71761805,1.1806138,0.22328054904937744,1.4667894840240479,0.8097249865531921,0.7332491,1.2063297,0.25453054904937744
3005_10-3.npz,3005_10,3005,3,18876,2.000397205352783,0.8159033060073853,1.1875,1.2159109115600586,0.7966492176055908,1.008285641670227,1.6052415370941162,27.128888893127446,60.24864444732665,234.74767089843664,20.384872245788603,51.44386768341046,230.40969497680652,0.7377704405248067,1.3178913593292236,0.8096803426742554,0.65881485,1.0838716,0.12953054904937744,1.417938470840454,0.8096803426742554,0.70882845,1.1661533,0.22328054904937744
3005_10-4.npz,3005_10,3005,4,18876,2.000397205352783,0.8159033060073853,1.1875,1.2159109115600586,0.7966492176055908,1.008285641670227,1.6052415370941162,18.72397117614751,42.82408466339077,219.54980255126947,13.62807397842409,39.98693389892568,202.63939666748013,0.762580417731559,1.417938470840454,0.8138465881347656,0.70882845,1.1661533,0.22328054904937744,1.4218049049377441,0.8214032053947449,0.7107613,1.1693331,0.22328054904937744
3005_11-0.npz,3005_11,3005,0,23727,1.9695780277252197,0.8153173923492432,1.21875,1.2021350860595703,0.7905607223510742,0.9485024213790894,1.5822808742523193,29.721482467651388,105.77165908813473,364.05376037597637,21.59421310424805,80.04830780029273,261.49419647216763,0.8035891423933628,1.3086633682250977,0.8173902034759521,0.6644384,1.0886159,0.11385965347290039,1.3281289339065552,0.8213181495666504,0.6743216,1.1048084,0.1372971534729004
3005_11-1.npz,3005_11,3005,1,23727,1.9695780277252197,0.8153173923492432,1.21875,1.2021350860595703,0.7905607223510742,0.9485024213790894,1.5822808742523193,34.54586067199708,98.69582710266113,317.03645568847634,26.953345680236886,70.3819953918455,290.4673620605464,0.7349063150589868,1.3676812648773193,0.8154937624931335,0.6944032,1.1377101,0.1685471534729004,1.412341594696045,0.8154937624931335,0.71707827,1.174861,0.2154221534729004
3005_11-2.npz,3005_11,3005,2,23727,1.9695780277252197,0.8153173923492432,1.21875,1.2021350860595703,0.7905607223510742,0.9485024213790894,1.5822808742523193,40.585021972656286,102.21574974060019,301.7632769775387,27.211768531799343,67.45672302246088,246.25175857543917,0.7099863201094391,1.3675296306610107,0.8153270483016968,0.6943262,1.137584,0.1685471534729004,1.3676812648773193,0.8154937624931335,0.6944032,1.1377101,0.1685471534729004
3005_11-3.npz,3005_11,3005,3,23727,1.9695780277252197,0.8153173923492432,1.21875,1.2021350860595703,0.7905607223510742,0.9485024213790894,1.5822808742523193,35.863998031616255,104.5611110687252,338.631821899414,26.471564102172888,79.44099998474115,264.7954479980465,0.7576236927673785,1.4145562648773193,0.8144880533218384,0.7182027,1.1767032,0.2154221534729004,1.3675296306610107,0.8074735403060913,0.6943262,1.137584,0.1685471534729004
3005_11-4.npz,3005_11,3005,4,23727,1.9695780277252197,0.8153173923492432,1.21875,1.2021350860595703,0.7905607223510742,0.9485024213790894,1.5822808742523193,29.110326194763203,71.93188781738228,239.58991592407207,20.718197822570836,59.62642230987547,212.5542405700673,0.7685029622424617,1.3633379936218262,0.81559157371521,0.69219804,1.1340972,0.1685471534729004,1.427934169769287,0.8145859241485596,0.72499496,1.1878318,0.2310471534729004
3005_12-0.npz,3005_12,3005,0,5461,1.0943858623504639,0.8135537505149841,1.03125,0.31470075249671936,0.2782090902328491,0.5259130001068115,0.698104202747345,0.015028624888509605,0.5783980906009664,51.73770988464339,0.011217560619115873,0.47962441742420087,41.42651264190664,0.9221528111484864,0.513396680355072,0.21875,0.46911854,1.6313806,0.3962816596031189,0.5079500675201416,0.2421875,0.46414167,1.6140733,0.3962816596031189
3005_12-1.npz,3005_12,3005,1,5461,1.0943858623504639,0.8135537505149841,1.03125,0.31470075249671936,0.2782090902328491,0.5259130001068115,0.698104202747345,0.027238204702735087,0.6416378498077373,44.24170043945309,0.018485867604613335,0.43946992158889636,26.99365541458116,0.903130649919117,0.5313909649848938,0.21875,0.4855609,1.6885595,0.3962816596031189,0.5196589827537537,0.2421875,0.47484073,1.6512798,0.3962816596031189
3005_12-2.npz,3005_12,3005,2,5461,1.0943858623504639,0.8135537505149841,1.03125,0.31470075249671936,0.2782090902328491,0.5259130001068115,0.698104202747345,0.038354183360934276,0.9042465388774844,72.06260940551695,0.021327551268041207,0.6866774886846402,58.87951171874988,0.8894662257912139,0.5217607021331787,0.2421875,0.4767612,1.6579583,0.3962816596031189,0.5196589827537537,0.25,0.47484073,1.6512798,0.3962816596031189
3005_12-3.npz,3005_12,3005,3,5461,1.0943858623504639,0.8135537505149841,1.03125,0.31470075249671936,0.2782090902328491,0.5259130001068115,0.698104202747345,0.03179866932332523,0.711860242485993,53.98908416748027,0.020662166923284677,0.5652152091264648,52.59363838195746,0.9264110961279137,0.5313909649848938,0.2265625,0.4855609,1.6885595,0.3962816596031189,0.5274972915649414,0.2109375,0.48200303,1.6761869,0.3962816596031189
3005_12-4.npz,3005_12,3005,4,5461,1.0943858623504639,0.8135537505149841,1.03125,0.31470075249671936,0.2782090902328491,0.5259130001068115,0.698104202747345,0.029300949163735247,0.8722544759511759,53.50201698303158,0.016491917893290527,0.6379974782466804,45.50183677673297,0.9338619222587508,0.5276631116867065,0.1953125,0.48215455,1.6767138,0.3962816596031189,0.48840898275375366,0.21875,0.4462859,1.5519791,0.3650316596031189
3005_13-0.npz,3005_13,3005,0,20702,2.188507318496704,0.8149734735488892,1.25,1.4306108951568604,0.8413017392158508,1.07599937915802,1.8065552711486816,30.88269939422609,77.6252185821532,259.10535705566247,23.09396667480471,59.69385204315185,232.36045196533138,0.7619592987401991,1.6351262331008911,0.8641971349716187,0.74714226,1.1429566,0.21007704734802246,1.7288997173309326,0.8641971349716187,0.78999037,1.2085046,0.30382704734802246
3005_13-1.npz,3005_13,3005,1,20702,2.188507318496704,0.8149734735488892,1.25,1.4306108951568604,0.8413017392158508,1.07599937915802,1.8065552711486816,27.851895904541024,77.6657081604003,284.0134078979491,19.648080825805668,64.59594345092755,275.5494555664054,0.7565431231336729,1.6271121501922607,0.86328125,0.7434803,1.1373547,0.21007704734802246,1.7052593231201172,0.8632813096046448,0.77918833,1.1919798,0.28820204734802246
3005_13-2.npz,3005_13,3005,2,20702,2.188507318496704,0.8149734735488892,1.25,1.4306108951568604,0.8413017392158508,1.07599937915802,1.8065552711486816,35.730963516235455,107.95225715637201,358.9587835693356,24.340490531921397,88.70770835876426,309.47916534423814,0.7768301350390903,1.6993355751037598,0.8566011190414429,0.77648157,1.1878392,0.27257704734802246,1.7150089740753174,0.86328125,0.78364325,1.1987948,0.28820204734802246
3005_13-3.npz,3005_13,3005,3,20702,2.188507318496704,0.8149734735488892,1.25,1.4306108951568604,0.8413017392158508,1.07599937915802,1.8065552711486816,28.98664283752447,71.77227668762188,231.27882614135726,22.945088386535655,60.935352516174305,217.3077890014644,0.7568517217146873,1.7149605751037598,0.8565866947174072,0.78362113,1.198761,0.28820204734802246,1.7462105751037598,0.8565866947174072,0.79790026,1.2206048,0.31945204734802246
3005_13-4.npz,3005_13,3005,4,20702,2.188507318496704,0.8149734735488892,1.25,1.4306108951568604,0.8413017392158508,1.07599937915802,1.8065552711486816,32.44967651367191,89.33288497924794,297.19897064208897,26.353846549987793,79.69686012268063,259.9702569580068,0.8135654697134567,1.7132747173309326,0.8604450821876526,0.7828508,1.1975826,0.28820204734802246,1.736480712890625,0.8605958223342896,0.79345435,1.2138036,0.31945204734802246
3005_16-0.npz,3005_16,3005,0,17002,1.8760064840316772,0.815751314163208,0.96875,1.1465994119644165,0.4962996244430542,0.9022276997566223,1.5141395330429077,15.14476928710939,58.12040901184077,265.613146057128,14.237785816192638,49.80675449371334,266.4735195922842,0.9122287025528253,1.17398202419281,0.5147208571434021,0.62578785,1.0238816,0.04121220111846924,1.20523202419281,0.5145658850669861,0.64244556,1.0511361,0.07246220111846924
3005_16-1.npz,3005_16,3005,1,17002,1.8760064840316772,0.815751314163208,0.96875,1.1465994119644165,0.4962996244430542,0.9022276997566223,1.5141395330429077,14.942344284057622,54.44923763275121,281.29872833251926,14.180850601196292,52.762571334838704,276.82238800048816,0.8867924528301887,1.1406726837158203,0.5225169658660889,0.6080324,0.994831,0.017774224281311035,1.1445790529251099,0.5284090042114258,0.61011463,0.99823797,0.021680593490600586
3005_16-2.npz,3005_16,3005,2,17002,1.8760064840316772,0.815751314163208,0.96875,1.1465994119644165,0.4962996244430542,0.9022276997566223,1.5141395330429077,14.455288219451942,56.606113624572686,278.88272613525385,13.825981044769316,53.51341724395741,267.66999908447127,0.8977132555270898,1.2130099534988403,0.5225169658660889,0.64659154,1.0579196,0.08027470111846924,1.2130099534988403,0.5225169658660889,0.64659154,1.0579196,0.08027470111846924
3005_16-3.npz,3005_16,3005,3,17002,1.8760064840316772,0.815751314163208,0.96875,1.1465994119644165,0.4962996244430542,0.9022276997566223,1.5141395330429077,14.996762180328396,56.11982784271233,274.0577392578122,14.791343784332316,52.145708656310944,263.5010284423819,0.8959143046734288,1.1973849534988403,0.5148216485977173,0.6382627,1.0442923,0.06464970111846924,1.2031731605529785,0.5128753185272217,0.64134806,1.0493405,0.08027470111846924
3005_16-4.npz,3005_16,3005,4,17002,1.8760064840316772,0.815751314163208,0.96875,1.1465994119644165,0.4962996244430542,0.9022276997566223,1.5141395330429077,13.444749450683599,51.824500083923134,286.9038909912109,12.399109268188486,48.64113578796368,288.00273956298827,0.8798759281887395,1.1719231605529785,0.5186046361923218,0.62469035,1.0220859,0.04902470111846924,1.2130099534988403,0.514694333076477,0.64659154,1.0579196,0.08027470111846924
3006_10-0.npz,3006_10,3006,0,19878,2.094259738922119,0.8159149885177612,1.15625,1.3296895027160645,0.7666226029396057,1.017053484916687,1.728487491607666,33.03674087524414,77.46577987670831,243.64786941528308,23.73107776641848,54.18279037475571,184.83710693359333,0.6869095816464238,1.4162039756774902,0.7720298767089844,0.6762313,1.0650637,0.10014736652374268,1.4124259948730469,0.7739658355712891,0.67442733,1.0622224,0.10014736652374268
3006_10-1.npz,3006_10,3006,1,19878,2.094259738922119,0.8159149885177612,1.15625,1.3296895027160645,0.7666226029396057,1.017053484916687,1.728487491607666,37.54994544982911,87.00063400268459,236.47878921508757,25.94099655151371,66.06260185241675,206.389761352539,0.7340038148083926,1.4161373376846313,0.7739658355712891,0.6761995,1.0650135,0.10795986652374268,1.4239498376846313,0.7739658355712891,0.6799299,1.070889,0.11577236652374268
3006_10-2.npz,3006_10,3006,2,19878,2.094259738922119,0.8159149885177612,1.15625,1.3296895027160645,0.7666226029396057,1.017053484916687,1.728487491607666,30.752223777771082,75.72114410400376,183.8878724670409,25.557839393615744,60.40157241821276,160.4259263610834,0.7229496898690558,1.4298205375671387,0.7739658355712891,0.6827331,1.075304,0.10795986652374268,1.4199256896972656,0.7739658355712891,0.6780084,1.0678626,0.10795986652374268
3006_10-3.npz,3006_10,3006,3,19878,2.094259738922119,0.8159149885177612,1.15625,1.3296895027160645,0.7666226029396057,1.017053484916687,1.728487491607666,32.8176670074463,79.85854225158549,241.48364685058468,22.90067367553718,62.62325534820534,207.7461911010727,0.7752529735487307,1.4336163997650146,0.7739658355712891,0.68454564,1.0781587,0.11577236652374268,1.43772554397583,0.7739658355712891,0.68650776,1.0812491,0.11577236652374268
3006_10-4.npz,3006_10,3006,4,19878,2.094259738922119,0.8159149885177612,1.15625,1.3296895027160645,0.7666226029396057,1.017053484916687,1.728487491607666,36.02218437194835,73.9929374694823,194.50482955932614,24.362054634094246,53.93802490234349,150.69733932495086,0.6813787305590584,1.4435248374938965,0.7739658355712891,0.6892769,1.0856105,0.11577236652374268,1.4418845176696777,0.7739658355712891,0.68849367,1.0843768,0.11577236652374268
3006_11-0.npz,3006_11,3006,0,16649,1.6888971328735352,0.8158090114593506,0.9375,0.9431861639022827,0.4991247057914734,0.8126615881919861,1.3112356662750244,30.274954032897952,63.324739265441785,175.24029617309554,25.93560867309576,55.452213859558036,164.7184541320798,0.7576236927673785,0.8346360921859741,0.38283637166023254,0.49419,0.8849113,-0.1004180908203125,0.9089738726615906,0.49741607904434204,0.53820556,0.9637269,-0.0063359737396240234
3006_11-1.npz,3006_11,3006,1,16649,1.6888971328735352,0.8158090114593506,0.9375,0.9431861639022827,0.4991247057914734,0.8126615881919861,1.3112356662750244,32.13999748229981,70.00266189575181,174.96144805908182,24.009892463684107,51.49536819457965,151.1780024719238,0.6742005692281935,0.8403326272964478,0.3712262511253357,0.49756294,0.890951,-0.1004180908203125,0.8169196844100952,0.3757229745388031,0.4837001,0.8661277,-0.1004180908203125
3006_11-2.npz,3006_11,3006,2,16649,1.6888971328735352,0.8158090114593506,0.9375,0.9431861639022827,0.4991247057914734,0.8126615881919861,1.3112356662750244,28.70634346008301,58.5635751724241,203.10388946533186,18.76477432250979,42.23925819396972,176.5252319335936,0.6582372937567366,0.9148306846618652,0.5050148963928223,0.5416734,0.9699365,-0.0063359737396240234,0.9248489141464233,0.5118927359580994,0.5476052,0.98055816,-0.0063359737396240234
3006_11-3.npz,3006_11,3006,3,16649,1.6888971328735352,0.8158090114593506,0.9375,0.9431861639022827,0.4991247057914734,0.8126615881919861,1.3112356662750244,30.906827735900894,66.30879745483381,195.60238311767557,22.32125663757326,47.07694587707503,135.30741012573193,0.6854879487611664,0.9287182092666626,0.4902448058128357,0.54989624,0.98466057,-0.0063359737396240234,0.9288449883460999,0.4971226453781128,0.54997134,0.984795,-0.0063359737396240234
3006_11-4.npz,3006_11,3006,4,16649,1.6888971328735352,0.8158090114593506,0.9375,0.9431861639022827,0.4991247057914734,0.8126615881919861,1.3112356662750244,39.1053638458252,92.66107215881318,257.1943634033197,27.56554412841797,64.83334007263166,209.9614100646969,0.6622340425531915,0.817338764667511,0.37606194615364075,0.48394823,0.866572,-0.12342691421508789,0.9267792701721191,0.4943934381008148,0.5487482,0.9826048,-0.0063359737396240234
3006_13-0.npz,3006_13,3006,0,24198,2.2200379371643066,0.8156073093414307,1.15625,1.4569957256317139,0.7434183359146118,1.0543688535690308,1.8335957527160645,15.764387130737314,67.44844512939419,255.46765884399355,13.651843833923351,50.808682250976176,228.2539575195312,0.8587360594795539,1.4377610683441162,0.6218968629837036,0.6476291,0.9867984,-0.011995196342468262,1.4571382999420166,0.6495185494422913,0.6563574,1.0000979,0.011442303657531738
3006_13-1.npz,3006_13,3006,1,24198,2.2200379371643066,0.8156073093414307,1.15625,1.4569957256317139,0.7434183359146118,1.0543688535690308,1.8335957527160645,19.739452362060597,69.80352516174308,282.2272369384759,15.924023151397718,57.226836204528304,301.5970812988275,0.8341892883345561,1.4340198040008545,0.608730137348175,0.6459438,0.98423064,-0.011995196342468262,1.4379942417144775,0.6140137910842896,0.6477341,0.98695844,-0.011995196342468262
3006_13-2.npz,3006_13,3006,2,24198,2.2200379371643066,0.8156073093414307,1.15625,1.4569957256317139,0.7434183359146118,1.0543688535690308,1.8335957527160645,17.7527536392212,56.5136157989499,282.4152185058586,13.727877426147497,52.524624443054115,244.72939514159947,0.8653236336504384,1.490283489227295,0.6573647260665894,0.6712874,1.0228468,0.05050480365753174,1.6855958700180054,0.6573647260665894,0.75926447,1.1568983,0.2458171844482422
3006_13-3.npz,3006_13,3006,3,24198,2.2200379371643066,0.8156073093414307,1.15625,1.4569957256317139,0.7434183359146118,1.0543688535690308,1.8335957527160645,19.311956405639744,51.38166084289521,223.83062469482357,16.575079536437993,46.291566467285094,234.0016453552245,0.8434878790671951,1.4413446187973022,0.6208666563034058,0.64924324,0.98925793,-0.011995196342468262,1.4413446187973022,0.6253576278686523,0.64924324,0.98925793,-0.011995196342468262
3006_13-4.npz,3006_13,3006,4,24198,2.2200379371643066,0.8156073093414307,1.15625,1.4569957256317139,0.7434183359146118,1.0543688535690308,1.8335957527160645,22.46060943603518,70.31581192016576,312.3082165527342,19.021729469299327,59.50878715515122,292.3925939941403,0.8188432157148053,1.416538953781128,0.6214204430580139,0.6380697,0.97223276,-0.03543269634246826,1.439976453781128,0.621454119682312,0.648627,0.9883189,-0.011995196342468262
3006_14-0.npz,3006_14,3006,0,13469,2.0009286403656006,0.8159929513931274,1.15625,1.2518515586853027,0.7571773529052734,0.8229439854621887,1.6283726692199707,49.673337173461924,108.65461730957016,283.3076647949214,32.52234153747562,76.16813774108823,289.66711791992185,0.6223231667748216,1.3536536693572998,0.7702561616897583,0.6765127,1.0813212,0.11474347114562988,1.3616044521331787,0.7744250297546387,0.68048626,1.0876725,0.11474347114562988
3006_14-1.npz,3006_14,3006,1,13469,2.0009286403656006,0.8159929513931274,1.15625,1.2518515586853027,0.7571773529052734,0.8229439854621887,1.6283726692199707,63.71203880310061,118.24490890502922,299.1324468994139,48.616738891601585,91.6944221496582,239.35142333984362,0.600640256102441,1.339848518371582,0.7683802843093872,0.66961336,1.0702934,0.10693097114562988,1.3535630702972412,0.7744269371032715,0.6764674,1.0812489,0.11474347114562988
3006_14-2.npz,3006_14,3006,2,13469,2.0009286403656006,0.8159929513931274,1.15625,1.2518515586853027,0.7571773529052734,0.8229439854621887,1.6283726692199707,62.39678344726567,131.95446548461896,320.61464416503884,49.47195549011246,99.68896255493158,274.3313519287103,0.6709833737154315,1.3419387340545654,0.7667466402053833,0.670658,1.0719632,0.09911847114562988,1.3477716445922852,0.7702561616897583,0.6735731,1.0766226,0.10693097114562988
3006_14-3.npz,3006_14,3006,3,13469,2.0009286403656006,0.8159929513931274,1.15625,1.2518515586853027,0.7571773529052734,0.8229439854621887,1.6283726692199707,61.4020252227784,134.8125625610349,331.72615203857384,43.80743217468264,105.52255630493099,309.9640728759755,0.6799664006719865,1.336211085319519,0.7744250297546387,0.6677955,1.0673878,0.09911847114562988,1.3398813009262085,0.7783427238464355,0.66962975,1.0703197,0.09911847114562988
3006_14-4.npz,3006_14,3006,4,13469,2.0009286403656006,0.8159929513931274,1.15625,1.2518515586853027,0.7571773529052734,0.8229439854621887,1.6283726692199707,65.94398040771485,138.64443130493157,359.9427502441406,61.944575500488305,124.65588226318356,304.29500823974604,0.754232084904833,1.3615576028823853,0.7744250297546387,0.68046284,1.087635,0.11474347114562988,1.3457428216934204,0.7703563570976257,0.67255914,1.075002,0.11474347114562988
3006_16-0.npz,3006_16,3006,0,13147,2.0948023796081543,0.8155710101127625,1.125,1.3231394290924072,0.6723577380180359,0.8385677933692932,1.6956136226654053,20.90996265411381,61.74384288787829,225.9297903442382,18.29796390533451,57.052033233642476,223.65659927368085,0.8714325816412464,0.6563609838485718,0.2890625298023224,0.31332836,0.49606335,-0.647686243057251,0.6760720014572144,0.296875,0.32273784,0.5109605,-0.632061243057251
3006_16-1.npz,3006_16,3006,1,13147,2.0948023796081543,0.8155710101127625,1.125,1.3231394290924072,0.6723577380180359,0.8385677933692932,1.6956136226654053,20.613307952880863,62.032317733764536,238.55089782714762,18.378189659118657,54.111948585510156,225.76600936889642,0.8857250612860645,0.6563609838485718,0.28124991059303284,0.31332836,0.49606335,-0.647686243057251,0.7501109838485718,0.2814164459705353,0.35808197,0.56691754,-0.553936243057251
3006_16-2.npz,3006_16,3006,2,13147,2.0948023796081543,0.8155710101127625,1.125,1.3231394290924072,0.6723577380180359,0.8385677933692932,1.6956136226654053,19.772975921630866,66.58233985900873,262.75157775878887,18.83059082031253,64.28775405883785,263.910398864746,0.9024065442785123,0.6583924293518066,0.2890625298023224,0.31429812,0.49759868,-0.647686243057251,0.6583924293518066,0.2890625298023224,0.31429812,0.49759868,-0.647686243057251
3006_16-3.npz,3006_16,3006,3,13147,2.0948023796081543,0.8155710101127625,1.125,1.3231394290924072,0.6723577380180359,0.8385677933692932,1.6956136226654053,21.35056247711183,59.14265708923325,242.51800109863262,19.313580131530763,50.714220809936506,240.5736877441396,0.8917896329928112,0.6622850894927979,0.296875,0.31615636,0.5005407,-0.647686243057251,0.7560203075408936,0.2968749701976776,0.36090294,0.5713837,-0.553936243057251
3006_16-4.npz,3006_16,3006,4,13147,2.0948023796081543,0.8155710101127625,1.125,1.3231394290924072,0.6723577380180359,0.8385677933692932,1.6956136226654053,18.67005081176758,55.04658164978021,242.49405242919838,16.85107841491703,53.37797908782944,247.54919906616192,0.8898233015213077,0.6603028774261475,0.27360400557518005,0.3152101,0.49904254,-0.647686243057251,0.7543628811836243,0.2814164459705353,0.3601117,0.57013106,-0.553936243057251
3006_17-0.npz,3006_17,3006,0,8282,1.2197564840316772,0.8142710328102112,1.15625,0.4523724615573883,0.4833955764770508,0.5839942097663879,0.8302413821220398,0.030186047218739995,0.4903339624404875,77.06589904785137,0.018461810424923987,0.39645004272460804,70.2792086791979,0.8921475875118259,0.8399314880371094,0.49319443106651306,0.6886059,1.8567255,0.38951510190963745,0.8399314880371094,0.5106476545333862,0.6886059,1.8567255,0.38951510190963745
3006_17-1.npz,3006_17,3006,1,8282,1.2197564840316772,0.8142710328102112,1.15625,0.4523724615573883,0.4833955764770508,0.5839942097663879,0.8302413821220398,0.017388424277305668,0.33509704917668837,61.04939514160139,0.015554246492683898,0.30450382679700844,53.467077522277776,0.9535065442469233,0.8399314880371094,0.4950226843357086,0.6886059,1.8567255,0.38951510190963745,0.8399314880371094,0.4966336786746979,0.6886059,1.8567255,0.38951510190963745
3006_17-2.npz,3006_17,3006,2,8282,1.2197564840316772,0.8142710328102112,1.15625,0.4523724615573883,0.4833955764770508,0.5839942097663879,0.8302413821220398,0.01622058209031839,0.3335709601640633,61.70126380920405,0.013529720250517204,0.30643516629934,56.71203563690166,0.9392999127315039,0.8399314880371094,0.4964343309402466,0.6886059,1.8567255,0.38951510190963745,0.8399314880371094,0.5122586488723755,0.6886059,1.8567255,0.38951510190963745
3006_17-3.npz,3006_17,3006,3,8282,1.2197564840316772,0.8142710328102112,1.15625,0.4523724615573883,0.4833955764770508,0.5839942097663879,0.8302413821220398,0.02507287170738006,0.44568216949700845,69.66264739990228,0.014137513190507989,0.24655772596597592,47.241361236572146,0.864454181038501,0.8399314880371094,0.49319443106651306,0.6886059,1.8567255,0.38951510190963745,0.8399314880371094,0.4966336786746979,0.6886059,1.8567255,0.38951510190963745
3006_17-4.npz,3006_17,3006,4,8282,1.2197564840316772,0.8142710328102112,1.15625,0.4523724615573883,0.4833955764770508,0.5839942097663879,0.8302413821220398,0.01567688770592218,0.25499107539653576,40.38003093719456,0.011562529858201767,0.21393142715096053,40.88885501861548,0.9082148649937983,0.8399314880371094,0.5120593309402466,0.6886059,1.8567255,0.38951510190963745,0.8399314880371094,0.5122586488723755,0.6886059,1.8567255,0.38951510190963745
